timestamp,club,address,occupancy
2025-09-12 07:25:03,Asanavičiūtė,L. Asanavičiūtės g. 15,4%
2025-09-12 07:41:52,Asanavičiūtė,L. Asanavičiūtės g. 15,6%
2025-09-12 08:19:42,Asanavičiūtė,L. Asanavičiūtės g. 15,9%
2025-09-12 08:40:32,Asanavičiūtė,L. Asanavičiūtės g. 15,10%
2025-09-12 09:32:46,Asanavičiūtė,L. Asanavičiūtės g. 15,15%
2025-09-12 10:20:00,Asanavičiūtė,L. Asanavičiūtės g. 15,16%
2025-09-12 10:38:00,Asanavičiūtė,L. Asanavičiūtės g. 15,16%
2025-09-12 11:28:20,Asanavičiūtė,L. Asanavičiūtės g. 15,14%
2025-09-12 11:46:59,Asanavičiūtė,L. Asanavičiūtės g. 15,14%
2025-09-12 12:21:52,Asanavičiūtė,L. Asanavičiūtės g. 15,12%
2025-09-12 12:39:53,Asanavičiūtė,L. Asanavičiūtės g. 15,12%
2025-09-12 13:22:44,Asanavičiūtė,L. Asanavičiūtės g. 15,11%
2025-09-12 13:41:37,Asanavičiūtė,L. Asanavičiūtės g. 15,11%
2025-09-12 14:17:47,Asanavičiūtė,L. Asanavičiūtės g. 15,11%
2025-09-12 14:38:41,Asanavičiūtė,L. Asanavičiūtės g. 15,11%
2025-09-12 15:42:31,Asanavičiūtė,L. Asanavičiūtės g. 15,15%
2025-09-12 16:28:30,Asanavičiūtė,L. Asanavičiūtės g. 15,17%
2025-09-12 16:43:37,Asanavičiūtė,L. Asanavičiūtės g. 15,21%
2025-09-12 17:20:14,Asanavičiūtė,L. Asanavičiūtės g. 15,26%
2025-09-12 17:42:09,Asanavičiūtė,L. Asanavičiūtės g. 15,27%
2025-09-12 18:21:05,Asanavičiūtė,L. Asanavičiūtės g. 15,29%
2025-09-12 18:38:37,Asanavičiūtė,L. Asanavičiūtės g. 15,29%
2025-09-12 19:22:58,Asanavičiūtė,L. Asanavičiūtės g. 15,22%
2025-09-12 19:43:12,Asanavičiūtė,L. Asanavičiūtės g. 15,19%
2025-09-12 20:17:57,Asanavičiūtė,L. Asanavičiūtės g. 15,17%
2025-09-12 20:38:55,Asanavičiūtė,L. Asanavičiūtės g. 15,14%
2025-09-12 21:27:25,Asanavičiūtė,L. Asanavičiūtės g. 15,11%
2025-09-12 21:45:00,Asanavičiūtė,L. Asanavičiūtės g. 15,11%
2025-09-12 22:16:32,Asanavičiūtė,L. Asanavičiūtės g. 15,9%
2025-09-12 22:38:31,Asanavičiūtė,L. Asanavičiūtės g. 15,8%
2025-09-12 23:22:46,Asanavičiūtė,L. Asanavičiūtės g. 15,4%
2025-09-12 23:39:30,Asanavičiūtė,L. Asanavičiūtės g. 15,4%
2025-09-13 00:17:57,Asanavičiūtė,L. Asanavičiūtės g. 15,2%
2025-09-13 00:38:14,Asanavičiūtė,L. Asanavičiūtės g. 15,1%
2025-09-13 01:19:09,Asanavičiūtė,L. Asanavičiūtės g. 15,1%
2025-09-13 01:39:30,Asanavičiūtė,L. Asanavičiūtės g. 15,0%
2025-09-13 02:18:11,Asanavičiūtė,L. Asanavičiūtės g. 15,0%
2025-09-13 02:38:49,Asanavičiūtė,L. Asanavičiūtės g. 15,0%
2025-09-13 04:36:25,Asanavičiūtė,L. Asanavičiūtės g. 15,0%
2025-09-13 05:49:52,Asanavičiūtė,L. Asanavičiūtės g. 15,0%
2025-09-13 06:24:06,Asanavičiūtė,L. Asanavičiūtės g. 15,0%
2025-09-13 06:40:37,Asanavičiūtė,L. Asanavičiūtės g. 15,1%
2025-09-13 07:24:12,Asanavičiūtė,L. Asanavičiūtės g. 15,2%
2025-09-13 07:41:29,Asanavičiūtė,L. Asanavičiūtės g. 15,2%
2025-09-13 08:19:08,Asanavičiūtė,L. Asanavičiūtės g. 15,3%
2025-09-13 08:39:17,Asanavičiūtė,L. Asanavičiūtės g. 15,4%
2025-09-13 09:28:37,Asanavičiūtė,L. Asanavičiūtės g. 15,13%
2025-09-13 09:45:41,Asanavičiūtė,L. Asanavičiūtės g. 15,14%
2025-09-13 10:17:41,Asanavičiūtė,L. Asanavičiūtės g. 15,16%
2025-09-13 10:38:09,Asanavičiūtė,L. Asanavičiūtės g. 15,19%
2025-09-13 11:24:44,Asanavičiūtė,L. Asanavičiūtės g. 15,22%
2025-09-13 11:42:01,Asanavičiūtė,L. Asanavičiūtės g. 15,22%
2025-09-13 12:19:06,Asanavičiūtė,L. Asanavičiūtės g. 15,17%
2025-09-13 12:38:10,Asanavičiūtė,L. Asanavičiūtės g. 15,17%
2025-09-13 13:19:34,Asanavičiūtė,L. Asanavičiūtės g. 15,15%
2025-09-13 13:39:04,Asanavičiūtė,L. Asanavičiūtės g. 15,15%
2025-09-13 14:15:33,Asanavičiūtė,L. Asanavičiūtės g. 15,10%
2025-09-13 14:38:30,Asanavičiūtė,L. Asanavičiūtės g. 15,9%
2025-09-13 15:38:56,Asanavičiūtė,L. Asanavičiūtės g. 15,9%
2025-09-13 16:22:05,Asanavičiūtė,L. Asanavičiūtės g. 15,8%
2025-09-13 16:37:57,Asanavičiūtė,L. Asanavičiūtės g. 15,8%
2025-09-13 17:16:17,Asanavičiūtė,L. Asanavičiūtės g. 15,8%
2025-09-13 17:37:25,Asanavičiūtė,L. Asanavičiūtės g. 15,9%
2025-09-13 18:17:58,Asanavičiūtė,L. Asanavičiūtės g. 15,9%
2025-09-13 18:38:00,Asanavičiūtė,L. Asanavičiūtės g. 15,9%
2025-09-13 19:22:31,Asanavičiūtė,L. Asanavičiūtės g. 15,12%
2025-09-13 19:40:58,Asanavičiūtė,L. Asanavičiūtės g. 15,12%
2025-09-13 20:15:26,Asanavičiūtė,L. Asanavičiūtės g. 15,10%
2025-09-13 20:37:33,Asanavičiūtė,L. Asanavičiūtės g. 15,11%
2025-09-13 21:26:26,Asanavičiūtė,L. Asanavičiūtės g. 15,9%
2025-09-13 21:42:36,Asanavičiūtė,L. Asanavičiūtės g. 15,7%
2025-09-13 22:14:51,Asanavičiūtė,L. Asanavičiūtės g. 15,5%
2025-09-13 22:37:44,Asanavičiūtė,L. Asanavičiūtės g. 15,5%
2025-09-13 23:20:09,Asanavičiūtė,L. Asanavičiūtės g. 15,3%
2025-09-13 23:38:18,Asanavičiūtė,L. Asanavičiūtės g. 15,2%
2025-09-14 00:17:09,Asanavičiūtė,L. Asanavičiūtės g. 15,2%
2025-09-14 00:38:08,Asanavičiūtė,L. Asanavičiūtės g. 15,2%
2025-09-14 01:17:47,Asanavičiūtė,L. Asanavičiūtės g. 15,1%
2025-09-14 01:38:35,Asanavičiūtė,L. Asanavičiūtės g. 15,1%
2025-09-14 02:17:54,Asanavičiūtė,L. Asanavičiūtės g. 15,100%
2025-09-14 02:38:47,Asanavičiūtė,L. Asanavičiūtės g. 15,0%
2025-09-14 04:47:45,Asanavičiūtė,L. Asanavičiūtės g. 15,0%
2025-09-14 06:04:06,Asanavičiūtė,L. Asanavičiūtės g. 15,0%
2025-09-14 06:47:47,Asanavičiūtė,L. Asanavičiūtės g. 15,0%
2025-09-14 07:24:42,Asanavičiūtė,L. Asanavičiūtės g. 15,1%
2025-09-14 07:41:46,Asanavičiūtė,L. Asanavičiūtės g. 15,1%
2025-09-14 08:19:29,Asanavičiūtė,L. Asanavičiūtės g. 15,2%
2025-09-14 08:39:15,Asanavičiūtė,L. Asanavičiūtės g. 15,3%
2025-09-14 09:29:38,Asanavičiūtė,L. Asanavičiūtės g. 15,5%
2025-09-14 09:47:07,Asanavičiūtė,L. Asanavičiūtės g. 15,8%
2025-09-14 10:18:25,Asanavičiūtė,L. Asanavičiūtės g. 15,11%
2025-09-14 10:38:15,Asanavičiūtė,L. Asanavičiūtės g. 15,12%
2025-09-14 11:25:15,Asanavičiūtė,L. Asanavičiūtės g. 15,15%
2025-09-14 11:42:07,Asanavičiūtė,L. Asanavičiūtės g. 15,15%
2025-09-14 12:19:15,Asanavičiūtė,L. Asanavičiūtės g. 15,14%
2025-09-14 12:38:35,Asanavičiūtė,L. Asanavičiūtės g. 15,13%
2025-09-14 13:18:51,Asanavičiūtė,L. Asanavičiūtės g. 15,13%
2025-09-14 13:38:28,Asanavičiūtė,L. Asanavičiūtės g. 15,11%
2025-09-14 14:15:05,Asanavičiūtė,L. Asanavičiūtės g. 15,9%
2025-09-14 14:38:14,Asanavičiūtė,L. Asanavičiūtės g. 15,9%
2025-09-14 15:38:25,Asanavičiūtė,L. Asanavičiūtės g. 15,10%
2025-09-14 16:21:30,Asanavičiūtė,L. Asanavičiūtės g. 15,11%
2025-09-14 16:37:25,Asanavičiūtė,L. Asanavičiūtės g. 15,11%
2025-09-14 17:17:13,Asanavičiūtė,L. Asanavičiūtės g. 15,11%
2025-09-14 17:37:55,Asanavičiūtė,L. Asanavičiūtės g. 15,11%
2025-09-14 18:19:11,Asanavičiūtė,L. Asanavičiūtės g. 15,9%
2025-09-14 18:37:55,Asanavičiūtė,L. Asanavičiūtės g. 15,9%
2025-09-14 19:22:40,Asanavičiūtė,L. Asanavičiūtės g. 15,9%
2025-09-14 19:40:54,Asanavičiūtė,L. Asanavičiūtės g. 15,9%
2025-09-14 20:16:04,Asanavičiūtė,L. Asanavičiūtės g. 15,8%
2025-09-14 20:37:46,Asanavičiūtė,L. Asanavičiūtės g. 15,9%
2025-09-14 21:27:03,Asanavičiūtė,L. Asanavičiūtės g. 15,7%
2025-09-14 21:43:23,Asanavičiūtė,L. Asanavičiūtės g. 15,7%
2025-09-14 22:15:04,Asanavičiūtė,L. Asanavičiūtės g. 15,5%
2025-09-14 22:38:00,Asanavičiūtė,L. Asanavičiūtės g. 15,4%
2025-09-14 23:20:42,Asanavičiūtė,L. Asanavičiūtės g. 15,2%
2025-09-14 23:38:48,Asanavičiūtė,L. Asanavičiūtės g. 15,2%
2025-09-15 00:17:30,Asanavičiūtė,L. Asanavičiūtės g. 15,1%
2025-09-15 00:38:15,Asanavičiūtė,L. Asanavičiūtės g. 15,1%
2025-09-15 01:18:36,Asanavičiūtė,L. Asanavičiūtės g. 15,1%
2025-09-15 01:39:27,Asanavičiūtė,L. Asanavičiūtės g. 15,1%
2025-09-15 02:18:13,Asanavičiūtė,L. Asanavičiūtės g. 15,0%
2025-09-15 02:38:38,Asanavičiūtė,L. Asanavičiūtės g. 15,0%
2025-09-15 04:49:14,Asanavičiūtė,L. Asanavičiūtės g. 15,0%
2025-09-15 06:09:42,Asanavičiūtė,L. Asanavičiūtės g. 15,2%
2025-09-15 06:52:27,Asanavičiūtė,L. Asanavičiūtės g. 15,5%
2025-09-15 07:27:01,Asanavičiūtė,L. Asanavičiūtės g. 15,7%
2025-09-15 07:45:20,Asanavičiūtė,L. Asanavičiūtės g. 15,9%
2025-09-15 08:21:51,Asanavičiūtė,L. Asanavičiūtės g. 15,11%
2025-09-15 08:41:51,Asanavičiūtė,L. Asanavičiūtės g. 15,12%
2025-09-15 09:34:55,Asanavičiūtė,L. Asanavičiūtės g. 15,15%
2025-09-15 10:22:41,Asanavičiūtė,L. Asanavičiūtės g. 15,17%
2025-09-15 10:40:22,Asanavičiūtė,L. Asanavičiūtės g. 15,16%
2025-09-15 11:29:50,Asanavičiūtė,L. Asanavičiūtės g. 15,14%
2025-09-15 11:49:20,Asanavičiūtė,L. Asanavičiūtės g. 15,14%
2025-09-15 12:25:36,Asanavičiūtė,L. Asanavičiūtės g. 15,12%
2025-09-15 12:42:55,Asanavičiūtė,L. Asanavičiūtės g. 15,12%
2025-09-15 13:23:48,Asanavičiūtė,L. Asanavičiūtės g. 15,12%
2025-09-15 13:44:05,Asanavičiūtė,L. Asanavičiūtės g. 15,12%
2025-09-15 14:17:55,Asanavičiūtė,L. Asanavičiūtės g. 15,12%
2025-09-15 14:39:03,Asanavičiūtė,L. Asanavičiūtės g. 15,12%
2025-09-15 15:46:34,Asanavičiūtė,L. Asanavičiūtės g. 15,18%
2025-09-15 16:29:28,Asanavičiūtė,L. Asanavičiūtės g. 15,20%
2025-09-15 16:44:11,Asanavičiūtė,L. Asanavičiūtės g. 15,22%
2025-09-15 17:22:24,Asanavičiūtė,L. Asanavičiūtės g. 15,24%
2025-09-15 17:42:26,Asanavičiūtė,L. Asanavičiūtės g. 15,30%
2025-09-15 18:23:48,Asanavičiūtė,L. Asanavičiūtės g. 15,36%
2025-09-15 18:41:24,Asanavičiūtė,L. Asanavičiūtės g. 15,38%
2025-09-15 19:28:06,Asanavičiūtė,L. Asanavičiūtės g. 15,43%
2025-09-15 19:47:43,Asanavičiūtė,L. Asanavičiūtės g. 15,41%
2025-09-15 20:18:25,Asanavičiūtė,L. Asanavičiūtės g. 15,35%
2025-09-15 20:40:17,Asanavičiūtė,L. Asanavičiūtės g. 15,27%
2025-09-15 21:31:28,Asanavičiūtė,L. Asanavičiūtės g. 15,14%
2025-09-15 22:16:56,Asanavičiūtė,L. Asanavičiūtės g. 15,11%
2025-09-15 22:38:41,Asanavičiūtė,L. Asanavičiūtės g. 15,8%
2025-09-15 23:23:15,Asanavičiūtė,L. Asanavičiūtės g. 15,4%
2025-09-15 23:40:30,Asanavičiūtė,L. Asanavičiūtės g. 15,4%
2025-09-16 00:19:07,Asanavičiūtė,L. Asanavičiūtės g. 15,3%
2025-09-16 00:37:51,Asanavičiūtė,L. Asanavičiūtės g. 15,2%
2025-09-16 01:19:22,Asanavičiūtė,L. Asanavičiūtės g. 15,1%
2025-09-16 01:40:08,Asanavičiūtė,L. Asanavičiūtės g. 15,1%
2025-09-16 02:18:19,Asanavičiūtė,L. Asanavičiūtės g. 15,0%
2025-09-16 02:38:28,Asanavičiūtė,L. Asanavičiūtės g. 15,0%
2025-09-16 04:41:00,Asanavičiūtė,L. Asanavičiūtės g. 15,0%
2025-09-16 05:58:10,Asanavičiūtė,L. Asanavičiūtės g. 15,2%
2025-09-16 06:33:11,Asanavičiūtė,L. Asanavičiūtės g. 15,4%
2025-09-16 07:26:34,Asanavičiūtė,L. Asanavičiūtės g. 15,6%
2025-09-16 07:42:57,Asanavičiūtė,L. Asanavičiūtės g. 15,6%
2025-09-16 08:20:33,Asanavičiūtė,L. Asanavičiūtės g. 15,8%
2025-09-16 08:41:15,Asanavičiūtė,L. Asanavičiūtės g. 15,9%
2025-09-16 09:33:17,Asanavičiūtė,L. Asanavičiūtės g. 15,13%
2025-09-16 10:21:29,Asanavičiūtė,L. Asanavičiūtės g. 15,14%
2025-09-16 10:39:31,Asanavičiūtė,L. Asanavičiūtės g. 15,15%
2025-09-16 11:41:28,Asanavičiūtė,L. Asanavičiūtės g. 15,13%
2025-09-16 11:43:55,Asanavičiūtė,L. Asanavičiūtės g. 15,14%
2025-09-16 12:24:32,Asanavičiūtė,L. Asanavičiūtės g. 15,15%
2025-09-16 12:42:19,Asanavičiūtė,L. Asanavičiūtės g. 15,16%
2025-09-16 13:22:55,Asanavičiūtė,L. Asanavičiūtės g. 15,13%
2025-09-16 13:42:53,Asanavičiūtė,L. Asanavičiūtės g. 15,13%
2025-09-16 14:17:42,Asanavičiūtė,L. Asanavičiūtės g. 15,13%
2025-09-16 14:38:58,Asanavičiūtė,L. Asanavičiūtės g. 15,12%
2025-09-16 15:45:47,Asanavičiūtė,L. Asanavičiūtės g. 15,14%
2025-09-16 16:31:27,Asanavičiūtė,L. Asanavičiūtės g. 15,15%
2025-09-16 17:22:19,Asanavičiūtė,L. Asanavičiūtės g. 15,22%
2025-09-16 17:44:13,Asanavičiūtė,L. Asanavičiūtės g. 15,26%
2025-09-16 18:24:02,Asanavičiūtė,L. Asanavičiūtės g. 15,33%
2025-09-16 18:41:55,Asanavičiūtė,L. Asanavičiūtės g. 15,36%
2025-09-16 19:28:00,Asanavičiūtė,L. Asanavičiūtės g. 15,40%
2025-09-16 19:47:43,Asanavičiūtė,L. Asanavičiūtės g. 15,37%
2025-09-16 20:18:41,Asanavičiūtė,L. Asanavičiūtės g. 15,34%
2025-09-16 20:40:23,Asanavičiūtė,L. Asanavičiūtės g. 15,29%
2025-09-16 21:31:12,Asanavičiūtė,L. Asanavičiūtės g. 15,17%
2025-09-16 22:17:13,Asanavičiūtė,L. Asanavičiūtės g. 15,12%
2025-09-16 22:38:43,Asanavičiūtė,L. Asanavičiūtės g. 15,8%
2025-09-16 23:24:01,Asanavičiūtė,L. Asanavičiūtės g. 15,4%
2025-09-16 23:40:56,Asanavičiūtė,L. Asanavičiūtės g. 15,3%
2025-09-17 00:19:09,Asanavičiūtė,L. Asanavičiūtės g. 15,1%
2025-09-17 00:39:07,Asanavičiūtė,L. Asanavičiūtės g. 15,1%
2025-09-17 01:19:31,Asanavičiūtė,L. Asanavičiūtės g. 15,1%
2025-09-17 01:37:47,Asanavičiūtė,L. Asanavičiūtės g. 15,1%
2025-09-17 02:16:30,Asanavičiūtė,L. Asanavičiūtės g. 15,1%
2025-09-17 02:38:53,Asanavičiūtė,L. Asanavičiūtės g. 15,1%
2025-09-17 04:40:53,Asanavičiūtė,L. Asanavičiūtės g. 15,0%
2025-09-17 05:57:19,Asanavičiūtė,L. Asanavičiūtės g. 15,1%
2025-09-17 06:31:56,Asanavičiūtė,L. Asanavičiūtės g. 15,4%
2025-09-17 07:25:45,Asanavičiūtė,L. Asanavičiūtės g. 15,7%
2025-09-17 07:43:23,Asanavičiūtė,L. Asanavičiūtės g. 15,9%
2025-09-17 08:20:33,Asanavičiūtė,L. Asanavičiūtės g. 15,12%
2025-09-17 08:41:32,Asanavičiūtė,L. Asanavičiūtės g. 15,14%
2025-09-17 09:33:25,Asanavičiūtė,L. Asanavičiūtės g. 15,16%
2025-09-17 10:20:26,Asanavičiūtė,L. Asanavičiūtės g. 15,16%
2025-09-17 10:39:03,Asanavičiūtė,L. Asanavičiūtės g. 15,15%
2025-09-17 11:29:10,Asanavičiūtė,L. Asanavičiūtės g. 15,14%
2025-09-17 11:49:07,Asanavičiūtė,L. Asanavičiūtės g. 15,13%
2025-09-17 12:23:23,Asanavičiūtė,L. Asanavičiūtės g. 15,10%
2025-09-17 12:41:30,Asanavičiūtė,L. Asanavičiūtės g. 15,9%
2025-09-17 13:22:17,Asanavičiūtė,L. Asanavičiūtės g. 15,10%
2025-09-17 13:43:05,Asanavičiūtė,L. Asanavičiūtės g. 15,10%
2025-09-17 14:17:38,Asanavičiūtė,L. Asanavičiūtės g. 15,11%
2025-09-17 14:38:51,Asanavičiūtė,L. Asanavičiūtės g. 15,10%
2025-09-17 15:45:41,Asanavičiūtė,L. Asanavičiūtės g. 15,15%
2025-09-17 16:30:03,Asanavičiūtė,L. Asanavičiūtės g. 15,19%
2025-09-17 16:45:59,Asanavičiūtė,L. Asanavičiūtės g. 15,20%
2025-09-17 17:20:32,Asanavičiūtė,L. Asanavičiūtės g. 15,25%
2025-09-17 17:42:59,Asanavičiūtė,L. Asanavičiūtės g. 15,30%
2025-09-17 18:23:25,Asanavičiūtė,L. Asanavičiūtės g. 15,34%
2025-09-17 18:41:04,Asanavičiūtė,L. Asanavičiūtės g. 15,35%
2025-09-17 19:27:44,Asanavičiūtė,L. Asanavičiūtės g. 15,39%
2025-09-17 19:47:27,Asanavičiūtė,L. Asanavičiūtės g. 15,37%
2025-09-17 20:18:09,Asanavičiūtė,L. Asanavičiūtės g. 15,32%
2025-09-17 20:39:24,Asanavičiūtė,L. Asanavičiūtės g. 15,27%
2025-09-17 21:31:32,Asanavičiūtė,L. Asanavičiūtės g. 15,15%
2025-09-17 22:16:57,Asanavičiūtė,L. Asanavičiūtės g. 15,10%
2025-09-17 22:39:17,Asanavičiūtė,L. Asanavičiūtės g. 15,7%
2025-09-17 23:23:14,Asanavičiūtė,L. Asanavičiūtės g. 15,4%
2025-09-17 23:40:39,Asanavičiūtė,L. Asanavičiūtės g. 15,4%
2025-09-18 00:18:24,Asanavičiūtė,L. Asanavičiūtės g. 15,2%
2025-09-18 00:38:35,Asanavičiūtė,L. Asanavičiūtės g. 15,2%
2025-09-18 01:18:20,Asanavičiūtė,L. Asanavičiūtės g. 15,1%
2025-09-18 01:38:16,Asanavičiūtė,L. Asanavičiūtės g. 15,1%
2025-09-18 02:19:11,Asanavičiūtė,L. Asanavičiūtės g. 15,1%
2025-09-18 02:38:32,Asanavičiūtė,L. Asanavičiūtės g. 15,1%
2025-09-18 04:40:50,Asanavičiūtė,L. Asanavičiūtės g. 15,0%
2025-09-18 05:59:01,Asanavičiūtė,L. Asanavičiūtės g. 15,2%
2025-09-18 06:34:36,Asanavičiūtė,L. Asanavičiūtės g. 15,3%
2025-09-18 07:26:11,Asanavičiūtė,L. Asanavičiūtės g. 15,4%
2025-09-18 07:43:16,Asanavičiūtė,L. Asanavičiūtės g. 15,5%
2025-09-18 08:20:15,Asanavičiūtė,L. Asanavičiūtės g. 15,7%
2025-09-18 08:40:36,Asanavičiūtė,L. Asanavičiūtės g. 15,8%
2025-09-18 09:33:08,Asanavičiūtė,L. Asanavičiūtės g. 15,13%
2025-09-18 10:20:15,Asanavičiūtė,L. Asanavičiūtės g. 15,14%
2025-09-18 10:38:56,Asanavičiūtė,L. Asanavičiūtės g. 15,14%
2025-09-18 11:28:34,Asanavičiūtė,L. Asanavičiūtės g. 15,12%
2025-09-18 11:48:29,Asanavičiūtė,L. Asanavičiūtės g. 15,11%
2025-09-18 12:23:29,Asanavičiūtė,L. Asanavičiūtės g. 15,13%
2025-09-18 12:41:16,Asanavičiūtė,L. Asanavičiūtės g. 15,13%
2025-09-18 13:22:19,Asanavičiūtė,L. Asanavičiūtės g. 15,13%
2025-09-18 13:42:42,Asanavičiūtė,L. Asanavičiūtės g. 15,14%
2025-09-18 14:17:33,Asanavičiūtė,L. Asanavičiūtės g. 15,14%
2025-09-18 14:38:52,Asanavičiūtė,L. Asanavičiūtės g. 15,14%
2025-09-18 15:44:23,Asanavičiūtė,L. Asanavičiūtės g. 15,15%
2025-09-18 16:29:48,Asanavičiūtė,L. Asanavičiūtės g. 15,15%
2025-09-18 16:45:47,Asanavičiūtė,L. Asanavičiūtės g. 15,16%
2025-09-18 17:21:42,Asanavičiūtė,L. Asanavičiūtės g. 15,21%
2025-09-18 17:42:43,Asanavičiūtė,L. Asanavičiūtės g. 15,25%
2025-09-18 18:23:28,Asanavičiūtė,L. Asanavičiūtės g. 15,30%
2025-09-18 18:41:12,Asanavičiūtė,L. Asanavičiūtės g. 15,30%
2025-09-18 19:27:35,Asanavičiūtė,L. Asanavičiūtės g. 15,32%
2025-09-18 19:46:47,Asanavičiūtė,L. Asanavičiūtės g. 15,30%
2025-09-18 20:18:19,Asanavičiūtė,L. Asanavičiūtės g. 15,27%
2025-09-18 20:40:27,Asanavičiūtė,L. Asanavičiūtės g. 15,24%
2025-09-18 21:31:54,Asanavičiūtė,L. Asanavičiūtės g. 15,15%
2025-09-18 22:18:19,Asanavičiūtė,L. Asanavičiūtės g. 15,10%
2025-09-18 22:38:58,Asanavičiūtė,L. Asanavičiūtės g. 15,8%
2025-09-18 23:23:55,Asanavičiūtė,L. Asanavičiūtės g. 15,4%
2025-09-18 23:41:31,Asanavičiūtė,L. Asanavičiūtės g. 15,3%
2025-09-19 00:19:21,Asanavičiūtė,L. Asanavičiūtės g. 15,1%
2025-09-19 00:38:47,Asanavičiūtė,L. Asanavičiūtės g. 15,1%
2025-09-19 01:16:59,Asanavičiūtė,L. Asanavičiūtės g. 15,1%
2025-09-19 01:39:38,Asanavičiūtė,L. Asanavičiūtės g. 15,0%
2025-09-19 02:19:27,Asanavičiūtė,L. Asanavičiūtės g. 15,0%
2025-09-19 02:38:52,Asanavičiūtė,L. Asanavičiūtės g. 15,0%
2025-09-19 04:43:45,Asanavičiūtė,L. Asanavičiūtės g. 15,0%
2025-09-19 06:02:32,Asanavičiūtė,L. Asanavičiūtės g. 15,2%
2025-09-19 06:48:21,Asanavičiūtė,L. Asanavičiūtės g. 15,5%
2025-09-19 07:26:13,Asanavičiūtė,L. Asanavičiūtės g. 15,7%
2025-09-19 07:44:07,Asanavičiūtė,L. Asanavičiūtės g. 15,9%
2025-09-19 08:20:16,Asanavičiūtė,L. Asanavičiūtės g. 15,12%
2025-09-19 08:40:38,Asanavičiūtė,L. Asanavičiūtės g. 15,13%
2025-09-19 09:32:47,Asanavičiūtė,L. Asanavičiūtės g. 15,17%
2025-09-19 10:20:45,Asanavičiūtė,L. Asanavičiūtės g. 15,17%
2025-09-19 10:39:04,Asanavičiūtė,L. Asanavičiūtės g. 15,17%
2025-09-19 11:28:48,Asanavičiūtė,L. Asanavičiūtės g. 15,17%
2025-09-19 11:48:10,Asanavičiūtė,L. Asanavičiūtės g. 15,16%
2025-09-19 12:23:50,Asanavičiūtė,L. Asanavičiūtės g. 15,15%
2025-09-19 12:41:12,Asanavičiūtė,L. Asanavičiūtės g. 15,13%
2025-09-19 13:23:09,Asanavičiūtė,L. Asanavičiūtės g. 15,13%
2025-09-19 13:43:23,Asanavičiūtė,L. Asanavičiūtės g. 15,11%
2025-09-19 14:18:17,Asanavičiūtė,L. Asanavičiūtės g. 15,11%
2025-09-19 14:38:52,Asanavičiūtė,L. Asanavičiūtės g. 15,11%
2025-09-19 15:45:05,Asanavičiūtė,L. Asanavičiūtės g. 15,12%
2025-09-19 16:30:33,Asanavičiūtė,L. Asanavičiūtės g. 15,16%
2025-09-19 17:20:42,Asanavičiūtė,L. Asanavičiūtės g. 15,24%
2025-09-19 17:43:26,Asanavičiūtė,L. Asanavičiūtės g. 15,29%
2025-09-19 18:22:04,Asanavičiūtė,L. Asanavičiūtės g. 15,30%
2025-09-19 18:41:03,Asanavičiūtė,L. Asanavičiūtės g. 15,29%
2025-09-19 19:26:50,Asanavičiūtė,L. Asanavičiūtės g. 15,23%
2025-09-19 19:45:41,Asanavičiūtė,L. Asanavičiūtės g. 15,21%
2025-09-19 20:18:16,Asanavičiūtė,L. Asanavičiūtės g. 15,17%
2025-09-19 20:39:36,Asanavičiūtė,L. Asanavičiūtės g. 15,14%
2025-09-19 21:30:34,Asanavičiūtė,L. Asanavičiūtės g. 15,11%
2025-09-19 22:16:38,Asanavičiūtė,L. Asanavičiūtės g. 15,7%
2025-09-19 22:38:46,Asanavičiūtė,L. Asanavičiūtės g. 15,5%
2025-09-19 23:23:10,Asanavičiūtė,L. Asanavičiūtės g. 15,4%
2025-09-19 23:39:47,Asanavičiūtė,L. Asanavičiūtės g. 15,3%
2025-09-20 00:18:28,Asanavičiūtė,L. Asanavičiūtės g. 15,3%
2025-09-20 00:38:08,Asanavičiūtė,L. Asanavičiūtės g. 15,3%
2025-09-20 01:19:35,Asanavičiūtė,L. Asanavičiūtės g. 15,2%
2025-09-20 01:39:39,Asanavičiūtė,L. Asanavičiūtės g. 15,0%
2025-09-20 02:19:07,Asanavičiūtė,L. Asanavičiūtės g. 15,0%
2025-09-20 02:38:33,Asanavičiūtė,L. Asanavičiūtės g. 15,0%
2025-09-20 04:39:19,Asanavičiūtė,L. Asanavičiūtės g. 15,0%
2025-09-20 05:56:06,Asanavičiūtė,L. Asanavičiūtės g. 15,1%
2025-09-20 06:30:38,Asanavičiūtė,L. Asanavičiūtės g. 15,1%
2025-09-20 07:25:30,Asanavičiūtė,L. Asanavičiūtės g. 15,2%
2025-09-20 07:42:11,Asanavičiūtė,L. Asanavičiūtės g. 15,2%
2025-09-20 08:19:47,Asanavičiūtė,L. Asanavičiūtės g. 15,3%
2025-09-20 08:40:49,Asanavičiūtė,L. Asanavičiūtės g. 15,3%
2025-09-20 09:30:19,Asanavičiūtė,L. Asanavičiūtės g. 15,12%
2025-09-20 10:18:51,Asanavičiūtė,L. Asanavičiūtės g. 15,16%
2025-09-20 10:38:25,Asanavičiūtė,L. Asanavičiūtės g. 15,18%
2025-09-20 11:26:16,Asanavičiūtė,L. Asanavičiūtės g. 15,20%
2025-09-20 11:43:51,Asanavičiūtė,L. Asanavičiūtės g. 15,20%
2025-09-20 12:20:06,Asanavičiūtė,L. Asanavičiūtės g. 15,15%
2025-09-20 12:38:27,Asanavičiūtė,L. Asanavičiūtės g. 15,16%
2025-09-20 13:20:14,Asanavičiūtė,L. Asanavičiūtės g. 15,15%
2025-09-20 13:40:45,Asanavičiūtė,L. Asanavičiūtės g. 15,15%
2025-09-20 14:16:11,Asanavičiūtė,L. Asanavičiūtės g. 15,11%
2025-09-20 14:38:53,Asanavičiūtė,L. Asanavičiūtės g. 15,10%
2025-09-20 15:40:39,Asanavičiūtė,L. Asanavičiūtės g. 15,6%
2025-09-20 16:24:00,Asanavičiūtė,L. Asanavičiūtės g. 15,7%
2025-09-20 16:39:02,Asanavičiūtė,L. Asanavičiūtės g. 15,7%
2025-09-20 17:17:59,Asanavičiūtė,L. Asanavičiūtės g. 15,7%
2025-09-20 17:39:14,Asanavičiūtė,L. Asanavičiūtės g. 15,7%
2025-09-20 18:19:28,Asanavičiūtė,L. Asanavičiūtės g. 15,7%
2025-09-20 18:38:20,Asanavičiūtė,L. Asanavičiūtės g. 15,7%
2025-09-20 19:23:38,Asanavičiūtė,L. Asanavičiūtės g. 15,7%
2025-09-20 19:41:23,Asanavičiūtė,L. Asanavičiūtės g. 15,8%
2025-09-20 20:16:02,Asanavičiūtė,L. Asanavičiūtės g. 15,8%
2025-09-20 20:37:48,Asanavičiūtė,L. Asanavičiūtės g. 15,9%
2025-09-20 21:27:12,Asanavičiūtė,L. Asanavičiūtės g. 15,7%
2025-09-20 21:43:31,Asanavičiūtė,L. Asanavičiūtės g. 15,7%
2025-09-20 22:14:44,Asanavičiūtė,L. Asanavičiūtės g. 15,5%
2025-09-20 22:37:56,Asanavičiūtė,L. Asanavičiūtės g. 15,5%
2025-09-20 23:20:10,Asanavičiūtė,L. Asanavičiūtės g. 15,3%
2025-09-20 23:38:20,Asanavičiūtė,L. Asanavičiūtės g. 15,2%
2025-09-21 00:37:56,Asanavičiūtė,L. Asanavičiūtės g. 15,2%
2025-09-21 01:18:24,Asanavičiūtė,L. Asanavičiūtės g. 15,1%
2025-09-21 01:38:50,Asanavičiūtė,L. Asanavičiūtės g. 15,0%
2025-09-21 02:18:22,Asanavičiūtė,L. Asanavičiūtės g. 15,0%
2025-09-21 02:38:30,Asanavičiūtė,L. Asanavičiūtės g. 15,0%
2025-09-21 04:50:44,Asanavičiūtė,L. Asanavičiūtės g. 15,100%
2025-09-21 06:09:48,Asanavičiūtė,L. Asanavičiūtės g. 15,1%
2025-09-21 06:51:01,Asanavičiūtė,L. Asanavičiūtės g. 15,1%
2025-09-21 07:25:23,Asanavičiūtė,L. Asanavičiūtės g. 15,2%
2025-09-21 07:42:37,Asanavičiūtė,L. Asanavičiūtės g. 15,2%
2025-09-21 08:20:18,Asanavičiūtė,L. Asanavičiūtės g. 15,2%
2025-09-21 08:40:42,Asanavičiūtė,L. Asanavičiūtės g. 15,3%
2025-09-21 09:31:06,Asanavičiūtė,L. Asanavičiūtės g. 15,5%
2025-09-21 10:17:40,Asanavičiūtė,L. Asanavičiūtės g. 15,11%
2025-09-21 10:38:06,Asanavičiūtė,L. Asanavičiūtės g. 15,12%
2025-09-21 11:24:45,Asanavičiūtė,L. Asanavičiūtės g. 15,17%
2025-09-21 11:41:11,Asanavičiūtė,L. Asanavičiūtės g. 15,18%
2025-09-21 12:19:18,Asanavičiūtė,L. Asanavičiūtės g. 15,16%
2025-09-21 12:38:20,Asanavičiūtė,L. Asanavičiūtės g. 15,15%
2025-09-21 13:20:06,Asanavičiūtė,L. Asanavičiūtės g. 15,13%
2025-09-21 13:39:43,Asanavičiūtė,L. Asanavičiūtės g. 15,11%
2025-09-21 14:15:41,Asanavičiūtė,L. Asanavičiūtės g. 15,10%
2025-09-21 14:38:17,Asanavičiūtė,L. Asanavičiūtės g. 15,10%
2025-09-21 15:40:11,Asanavičiūtė,L. Asanavičiūtės g. 15,8%
2025-09-21 16:24:00,Asanavičiūtė,L. Asanavičiūtės g. 15,7%
2025-09-21 16:39:17,Asanavičiūtė,L. Asanavičiūtės g. 15,7%
2025-09-21 17:18:07,Asanavičiūtė,L. Asanavičiūtės g. 15,7%
2025-09-21 17:39:08,Asanavičiūtė,L. Asanavičiūtės g. 15,8%
2025-09-21 18:19:22,Asanavičiūtė,L. Asanavičiūtės g. 15,9%
2025-09-21 18:38:14,Asanavičiūtė,L. Asanavičiūtės g. 15,9%
2025-09-21 19:24:05,Asanavičiūtė,L. Asanavičiūtės g. 15,9%
2025-09-21 19:42:26,Asanavičiūtė,L. Asanavičiūtės g. 15,8%
2025-09-21 20:16:58,Asanavičiūtė,L. Asanavičiūtės g. 15,8%
2025-09-21 20:38:24,Asanavičiūtė,L. Asanavičiūtės g. 15,8%
2025-09-21 21:28:21,Asanavičiūtė,L. Asanavičiūtės g. 15,7%
2025-09-21 21:45:57,Asanavičiūtė,L. Asanavičiūtės g. 15,7%
2025-09-21 22:16:04,Asanavičiūtė,L. Asanavičiūtės g. 15,5%
2025-09-21 22:38:24,Asanavičiūtė,L. Asanavičiūtės g. 15,4%
2025-09-21 23:22:14,Asanavičiūtė,L. Asanavičiūtės g. 15,2%
2025-09-21 23:39:59,Asanavičiūtė,L. Asanavičiūtės g. 15,1%
2025-09-22 00:18:10,Asanavičiūtė,L. Asanavičiūtės g. 15,1%
2025-09-22 00:38:20,Asanavičiūtė,L. Asanavičiūtės g. 15,0%
2025-09-22 01:19:06,Asanavičiūtė,L. Asanavičiūtės g. 15,0%
2025-09-22 01:40:01,Asanavičiūtė,L. Asanavičiūtės g. 15,0%
2025-09-22 02:18:57,Asanavičiūtė,L. Asanavičiūtės g. 15,0%
2025-09-22 02:38:36,Asanavičiūtė,L. Asanavičiūtės g. 15,0%
2025-09-22 04:50:46,Asanavičiūtė,L. Asanavičiūtės g. 15,0%
2025-09-22 06:09:51,Asanavičiūtė,L. Asanavičiūtės g. 15,2%
2025-09-22 06:51:56,Asanavičiūtė,L. Asanavičiūtės g. 15,4%
2025-09-22 07:26:23,Asanavičiūtė,L. Asanavičiūtės g. 15,6%
2025-09-22 07:43:51,Asanavičiūtė,L. Asanavičiūtės g. 15,8%
2025-09-22 08:21:46,Asanavičiūtė,L. Asanavičiūtės g. 15,10%
2025-09-22 08:41:31,Asanavičiūtė,L. Asanavičiūtės g. 15,11%
2025-09-22 09:34:45,Asanavičiūtė,L. Asanavičiūtės g. 15,14%
2025-09-22 10:22:52,Asanavičiūtė,L. Asanavičiūtės g. 15,15%
2025-09-22 10:40:20,Asanavičiūtė,L. Asanavičiūtės g. 15,13%
2025-09-22 11:30:51,Asanavičiūtė,L. Asanavičiūtės g. 15,12%
2025-09-22 12:27:05,Asanavičiūtė,L. Asanavičiūtės g. 15,11%
2025-09-22 12:44:45,Asanavičiūtė,L. Asanavičiūtės g. 15,11%
2025-09-22 13:25:08,Asanavičiūtė,L. Asanavičiūtės g. 15,11%
2025-09-22 13:44:50,Asanavičiūtė,L. Asanavičiūtės g. 15,13%
2025-09-22 14:18:52,Asanavičiūtė,L. Asanavičiūtės g. 15,12%
2025-09-22 14:39:01,Asanavičiūtė,L. Asanavičiūtės g. 15,12%
2025-09-22 15:46:52,Asanavičiūtė,L. Asanavičiūtės g. 15,15%
2025-09-22 16:31:34,Asanavičiūtė,L. Asanavičiūtės g. 15,17%
2025-09-22 17:22:58,Asanavičiūtė,L. Asanavičiūtės g. 15,24%
2025-09-22 17:44:40,Asanavičiūtė,L. Asanavičiūtės g. 15,28%
2025-09-22 18:24:41,Asanavičiūtė,L. Asanavičiūtės g. 15,34%
2025-09-22 18:42:10,Asanavičiūtė,L. Asanavičiūtės g. 15,39%
2025-09-22 19:28:26,Asanavičiūtė,L. Asanavičiūtės g. 15,40%
2025-09-22 19:45:52,Asanavičiūtė,L. Asanavičiūtės g. 15,38%
2025-09-22 20:24:22,Asanavičiūtė,L. Asanavičiūtės g. 15,29%
2025-09-22 20:39:28,Asanavičiūtė,L. Asanavičiūtės g. 15,28%
2025-09-22 21:29:29,Asanavičiūtė,L. Asanavičiūtės g. 15,15%
2025-09-22 21:49:08,Asanavičiūtė,L. Asanavičiūtės g. 15,14%
2025-09-22 22:17:56,Asanavičiūtė,L. Asanavičiūtės g. 15,10%
2025-09-22 22:39:29,Asanavičiūtė,L. Asanavičiūtės g. 15,6%
2025-09-22 23:23:45,Asanavičiūtė,L. Asanavičiūtės g. 15,3%
2025-09-22 23:41:12,Asanavičiūtė,L. Asanavičiūtės g. 15,2%
2025-09-23 00:18:34,Asanavičiūtė,L. Asanavičiūtės g. 15,1%
2025-09-23 00:37:53,Asanavičiūtė,L. Asanavičiūtės g. 15,1%
2025-09-23 01:19:51,Asanavičiūtė,L. Asanavičiūtės g. 15,1%
2025-09-23 01:40:19,Asanavičiūtė,L. Asanavičiūtės g. 15,1%
2025-09-23 02:19:36,Asanavičiūtė,L. Asanavičiūtės g. 15,0%
2025-09-23 02:38:29,Asanavičiūtė,L. Asanavičiūtės g. 15,0%
2025-09-23 04:41:21,Asanavičiūtė,L. Asanavičiūtės g. 15,0%
2025-09-23 05:59:58,Asanavičiūtė,L. Asanavičiūtės g. 15,2%
2025-09-23 06:35:12,Asanavičiūtė,L. Asanavičiūtės g. 15,4%
2025-09-23 07:26:18,Asanavičiūtė,L. Asanavičiūtės g. 15,5%
2025-09-23 07:44:08,Asanavičiūtė,L. Asanavičiūtės g. 15,5%
2025-09-23 08:21:23,Asanavičiūtė,L. Asanavičiūtės g. 15,7%
2025-09-23 08:41:23,Asanavičiūtė,L. Asanavičiūtės g. 15,8%
2025-09-23 09:33:32,Asanavičiūtė,L. Asanavičiūtės g. 15,13%
2025-09-23 10:21:34,Asanavičiūtė,L. Asanavičiūtės g. 15,14%
2025-09-23 10:40:15,Asanavičiūtė,L. Asanavičiūtės g. 15,14%
2025-09-23 11:29:05,Asanavičiūtė,L. Asanavičiūtės g. 15,13%
2025-09-23 11:49:13,Asanavičiūtė,L. Asanavičiūtės g. 15,14%
2025-09-23 12:23:49,Asanavičiūtė,L. Asanavičiūtės g. 15,16%
2025-09-23 12:41:28,Asanavičiūtė,L. Asanavičiūtės g. 15,16%
2025-09-23 13:23:18,Asanavičiūtė,L. Asanavičiūtės g. 15,14%
2025-09-23 13:43:27,Asanavičiūtė,L. Asanavičiūtės g. 15,15%
2025-09-23 14:17:50,Asanavičiūtė,L. Asanavičiūtės g. 15,14%
2025-09-23 14:39:00,Asanavičiūtė,L. Asanavičiūtės g. 15,12%
2025-09-23 15:44:31,Asanavičiūtė,L. Asanavičiūtės g. 15,15%
2025-09-23 16:31:16,Asanavičiūtė,L. Asanavičiūtės g. 15,16%
2025-09-23 17:22:10,Asanavičiūtė,L. Asanavičiūtės g. 15,23%
2025-09-23 17:44:15,Asanavičiūtė,L. Asanavičiūtės g. 15,28%
2025-09-23 18:23:29,Asanavičiūtė,L. Asanavičiūtės g. 15,35%
2025-09-23 18:42:25,Asanavičiūtė,L. Asanavičiūtės g. 15,37%
2025-09-23 19:27:49,Asanavičiūtė,L. Asanavičiūtės g. 15,42%
2025-09-23 19:47:52,Asanavičiūtė,L. Asanavičiūtės g. 15,40%
2025-09-23 20:27:24,Asanavičiūtė,L. Asanavičiūtės g. 15,30%
2025-09-23 20:39:29,Asanavičiūtė,L. Asanavičiūtės g. 15,28%
2025-09-23 21:32:12,Asanavičiūtė,L. Asanavičiūtės g. 15,16%
2025-09-23 22:18:10,Asanavičiūtė,L. Asanavičiūtės g. 15,10%
2025-09-23 22:38:37,Asanavičiūtė,L. Asanavičiūtės g. 15,7%
2025-09-23 23:24:26,Asanavičiūtė,L. Asanavičiūtės g. 15,4%
2025-09-23 23:41:08,Asanavičiūtė,L. Asanavičiūtės g. 15,3%
2025-09-24 00:18:52,Asanavičiūtė,L. Asanavičiūtės g. 15,2%
2025-09-24 00:38:10,Asanavičiūtė,L. Asanavičiūtės g. 15,2%
2025-09-24 01:19:33,Asanavičiūtė,L. Asanavičiūtės g. 15,1%
2025-09-24 01:40:22,Asanavičiūtė,L. Asanavičiūtės g. 15,0%
2025-09-24 02:18:42,Asanavičiūtė,L. Asanavičiūtės g. 15,0%
2025-09-24 02:38:30,Asanavičiūtė,L. Asanavičiūtės g. 15,0%
2025-09-24 04:42:57,Asanavičiūtė,L. Asanavičiūtės g. 15,0%
2025-09-24 06:01:13,Asanavičiūtė,L. Asanavičiūtės g. 15,2%
2025-09-24 06:48:24,Asanavičiūtė,L. Asanavičiūtės g. 15,4%
2025-09-24 07:25:44,Asanavičiūtė,L. Asanavičiūtės g. 15,6%
2025-09-24 07:43:32,Asanavičiūtė,L. Asanavičiūtės g. 15,8%
2025-09-24 08:21:12,Asanavičiūtė,L. Asanavičiūtės g. 15,11%
2025-09-24 08:40:57,Asanavičiūtė,L. Asanavičiūtės g. 15,12%
2025-09-24 09:32:53,Asanavičiūtė,L. Asanavičiūtės g. 15,17%
2025-09-24 10:21:59,Asanavičiūtė,L. Asanavičiūtės g. 15,17%
2025-09-24 10:40:18,Asanavičiūtė,L. Asanavičiūtės g. 15,18%
2025-09-24 11:30:15,Asanavičiūtė,L. Asanavičiūtės g. 15,15%
2025-09-24 11:51:03,Asanavičiūtė,L. Asanavičiūtės g. 15,15%
2025-09-24 12:23:51,Asanavičiūtė,L. Asanavičiūtės g. 15,15%
2025-09-24 12:42:23,Asanavičiūtė,L. Asanavičiūtės g. 15,15%
2025-09-24 13:23:08,Asanavičiūtė,L. Asanavičiūtės g. 15,13%
2025-09-24 13:43:24,Asanavičiūtė,L. Asanavičiūtės g. 15,12%
2025-09-24 14:17:59,Asanavičiūtė,L. Asanavičiūtės g. 15,11%
2025-09-24 14:39:05,Asanavičiūtė,L. Asanavičiūtės g. 15,11%
2025-09-24 15:46:02,Asanavičiūtė,L. Asanavičiūtės g. 15,13%
2025-09-24 16:31:08,Asanavičiūtė,L. Asanavičiūtės g. 15,16%
2025-09-24 17:20:01,Asanavičiūtė,L. Asanavičiūtės g. 15,21%
2025-09-24 17:42:17,Asanavičiūtė,L. Asanavičiūtės g. 15,27%
2025-09-24 18:23:00,Asanavičiūtė,L. Asanavičiūtės g. 15,32%
2025-09-24 18:42:32,Asanavičiūtė,L. Asanavičiūtės g. 15,33%
2025-09-24 19:28:28,Asanavičiūtė,L. Asanavičiūtės g. 15,38%
2025-09-24 19:49:19,Asanavičiūtė,L. Asanavičiūtės g. 15,36%
2025-09-24 20:19:32,Asanavičiūtė,L. Asanavičiūtės g. 15,29%
2025-09-24 20:41:35,Asanavičiūtė,L. Asanavičiūtės g. 15,25%
2025-09-24 21:29:29,Asanavičiūtė,L. Asanavičiūtės g. 15,13%
2025-09-24 21:48:22,Asanavičiūtė,L. Asanavičiūtės g. 15,12%
2025-09-24 22:18:09,Asanavičiūtė,L. Asanavičiūtės g. 15,9%
2025-09-24 22:38:51,Asanavičiūtė,L. Asanavičiūtės g. 15,7%
2025-09-24 23:24:55,Asanavičiūtė,L. Asanavičiūtės g. 15,3%
2025-09-24 23:39:39,Asanavičiūtė,L. Asanavičiūtės g. 15,3%
2025-09-25 00:19:15,Asanavičiūtė,L. Asanavičiūtės g. 15,1%
2025-09-25 00:38:51,Asanavičiūtė,L. Asanavičiūtės g. 15,1%
2025-09-25 01:20:04,Asanavičiūtė,L. Asanavičiūtės g. 15,1%
2025-09-25 01:38:05,Asanavičiūtė,L. Asanavičiūtės g. 15,1%
2025-09-25 02:19:37,Asanavičiūtė,L. Asanavičiūtės g. 15,1%
2025-09-25 02:38:23,Asanavičiūtė,L. Asanavičiūtės g. 15,1%
2025-09-25 04:43:34,Asanavičiūtė,L. Asanavičiūtės g. 15,0%
2025-09-25 06:03:34,Asanavičiūtė,L. Asanavičiūtės g. 15,2%
2025-09-25 06:49:08,Asanavičiūtė,L. Asanavičiūtės g. 15,4%
2025-09-25 07:26:43,Asanavičiūtė,L. Asanavičiūtės g. 15,5%
2025-09-25 07:44:24,Asanavičiūtė,L. Asanavičiūtės g. 15,5%
2025-09-25 08:21:31,Asanavičiūtė,L. Asanavičiūtės g. 15,7%
2025-09-25 08:41:24,Asanavičiūtė,L. Asanavičiūtės g. 15,9%
2025-09-25 09:33:32,Asanavičiūtė,L. Asanavičiūtės g. 15,11%
2025-09-25 10:22:38,Asanavičiūtė,L. Asanavičiūtės g. 15,14%
2025-09-25 10:40:30,Asanavičiūtė,L. Asanavičiūtės g. 15,15%
2025-09-25 11:29:36,Asanavičiūtė,L. Asanavičiūtės g. 15,13%
2025-09-25 11:49:56,Asanavičiūtė,L. Asanavičiūtės g. 15,14%
2025-09-25 12:23:59,Asanavičiūtė,L. Asanavičiūtės g. 15,15%
2025-09-25 12:41:48,Asanavičiūtė,L. Asanavičiūtės g. 15,14%
2025-09-25 13:23:33,Asanavičiūtė,L. Asanavičiūtės g. 15,12%
2025-09-25 13:43:36,Asanavičiūtė,L. Asanavičiūtės g. 15,11%
2025-09-25 14:19:01,Asanavičiūtė,L. Asanavičiūtės g. 15,10%
2025-09-25 14:38:49,Asanavičiūtė,L. Asanavičiūtės g. 15,9%
2025-09-25 15:47:32,Asanavičiūtė,L. Asanavičiūtės g. 15,14%
2025-09-25 16:31:55,Asanavičiūtė,L. Asanavičiūtės g. 15,19%
2025-09-25 17:22:28,Asanavičiūtė,L. Asanavičiūtės g. 15,28%
2025-09-25 17:45:15,Asanavičiūtė,L. Asanavičiūtės g. 15,29%
2025-09-25 18:23:43,Asanavičiūtė,L. Asanavičiūtės g. 15,31%
2025-09-25 18:43:14,Asanavičiūtė,L. Asanavičiūtės g. 15,31%
2025-09-25 19:27:44,Asanavičiūtė,L. Asanavičiūtės g. 15,31%
2025-09-25 19:48:40,Asanavičiūtė,L. Asanavičiūtės g. 15,30%
2025-09-25 20:19:06,Asanavičiūtė,L. Asanavičiūtės g. 15,29%
2025-09-25 20:40:21,Asanavičiūtė,L. Asanavičiūtės g. 15,27%
2025-09-25 21:32:23,Asanavičiūtė,L. Asanavičiūtės g. 15,18%
2025-09-25 22:18:14,Asanavičiūtė,L. Asanavičiūtės g. 15,13%
2025-09-25 22:38:48,Asanavičiūtė,L. Asanavičiūtės g. 15,9%
2025-09-25 23:24:36,Asanavičiūtė,L. Asanavičiūtės g. 15,4%
2025-09-25 23:40:24,Asanavičiūtė,L. Asanavičiūtės g. 15,3%
2025-09-26 00:18:33,Asanavičiūtė,L. Asanavičiūtės g. 15,2%
2025-09-26 00:38:49,Asanavičiūtė,L. Asanavičiūtės g. 15,2%
2025-09-26 01:18:46,Asanavičiūtė,L. Asanavičiūtės g. 15,1%
2025-09-26 01:40:14,Asanavičiūtė,L. Asanavičiūtės g. 15,1%
2025-09-26 02:19:14,Asanavičiūtė,L. Asanavičiūtės g. 15,1%
2025-09-26 02:38:35,Asanavičiūtė,L. Asanavičiūtės g. 15,1%
2025-09-26 04:42:55,Asanavičiūtė,L. Asanavičiūtės g. 15,0%
2025-09-26 06:02:09,Asanavičiūtė,L. Asanavičiūtės g. 15,2%
2025-09-26 06:48:02,Asanavičiūtė,L. Asanavičiūtės g. 15,4%
2025-09-26 07:26:47,Asanavičiūtė,L. Asanavičiūtės g. 15,6%
2025-09-26 07:44:02,Asanavičiūtė,L. Asanavičiūtės g. 15,8%
2025-09-26 08:21:29,Asanavičiūtė,L. Asanavičiūtės g. 15,10%
2025-09-26 08:40:56,Asanavičiūtė,L. Asanavičiūtės g. 15,11%
2025-09-26 09:32:31,Asanavičiūtė,L. Asanavičiūtės g. 15,15%
2025-09-26 10:21:30,Asanavičiūtė,L. Asanavičiūtės g. 15,17%
2025-09-26 11:30:05,Asanavičiūtė,L. Asanavičiūtės g. 15,11%
2025-09-26 11:49:51,Asanavičiūtė,L. Asanavičiūtės g. 15,9%
2025-09-26 12:23:54,Asanavičiūtė,L. Asanavičiūtės g. 15,10%
2025-09-26 12:41:37,Asanavičiūtė,L. Asanavičiūtės g. 15,9%
2025-09-26 13:23:38,Asanavičiūtė,L. Asanavičiūtės g. 15,11%
2025-09-26 13:43:04,Asanavičiūtė,L. Asanavičiūtės g. 15,12%
2025-09-26 14:17:39,Asanavičiūtė,L. Asanavičiūtės g. 15,13%
2025-09-26 14:38:51,Asanavičiūtė,L. Asanavičiūtės g. 15,12%
2025-09-26 15:45:54,Asanavičiūtė,L. Asanavičiūtės g. 15,12%
2025-09-26 16:29:39,Asanavičiūtė,L. Asanavičiūtės g. 15,15%
2025-09-26 16:46:09,Asanavičiūtė,L. Asanavičiūtės g. 15,19%
2025-09-26 17:19:38,Asanavičiūtė,L. Asanavičiūtės g. 15,21%
2025-09-26 17:41:31,Asanavičiūtė,L. Asanavičiūtės g. 15,21%
2025-09-26 18:22:46,Asanavičiūtė,L. Asanavičiūtės g. 15,22%
2025-09-26 18:40:48,Asanavičiūtė,L. Asanavičiūtės g. 15,22%
2025-09-26 19:27:23,Asanavičiūtė,L. Asanavičiūtės g. 15,16%
2025-09-26 19:47:10,Asanavičiūtė,L. Asanavičiūtės g. 15,17%
2025-09-26 20:18:38,Asanavičiūtė,L. Asanavičiūtės g. 15,17%
2025-09-26 20:40:11,Asanavičiūtė,L. Asanavičiūtės g. 15,14%
2025-09-26 21:29:32,Asanavičiūtė,L. Asanavičiūtės g. 15,11%
2025-09-26 21:48:22,Asanavičiūtė,L. Asanavičiūtės g. 15,11%
2025-09-26 22:17:07,Asanavičiūtė,L. Asanavičiūtės g. 15,8%
2025-09-26 22:38:52,Asanavičiūtė,L. Asanavičiūtės g. 15,7%
2025-09-26 23:23:18,Asanavičiūtė,L. Asanavičiūtės g. 15,4%
2025-09-26 23:40:57,Asanavičiūtė,L. Asanavičiūtės g. 15,3%
2025-09-27 00:18:09,Asanavičiūtė,L. Asanavičiūtės g. 15,1%
2025-09-27 00:38:11,Asanavičiūtė,L. Asanavičiūtės g. 15,1%
2025-09-27 01:19:16,Asanavičiūtė,L. Asanavičiūtės g. 15,1%
2025-09-27 01:39:28,Asanavičiūtė,L. Asanavičiūtės g. 15,0%
2025-09-27 02:19:22,Asanavičiūtė,L. Asanavičiūtės g. 15,0%
2025-09-27 02:38:08,Asanavičiūtė,L. Asanavičiūtės g. 15,0%
2025-09-27 04:39:03,Asanavičiūtė,L. Asanavičiūtės g. 15,1%
2025-09-27 05:56:02,Asanavičiūtė,L. Asanavičiūtės g. 15,1%
2025-09-27 06:30:23,Asanavičiūtė,L. Asanavičiūtės g. 15,1%
2025-09-27 07:25:15,Asanavičiūtė,L. Asanavičiūtės g. 15,2%
2025-09-27 07:42:22,Asanavičiūtė,L. Asanavičiūtės g. 15,2%
2025-09-27 08:19:42,Asanavičiūtė,L. Asanavičiūtės g. 15,3%
2025-09-27 08:39:45,Asanavičiūtė,L. Asanavičiūtės g. 15,4%
2025-09-27 09:28:37,Asanavičiūtė,L. Asanavičiūtės g. 15,14%
2025-09-27 09:45:29,Asanavičiūtė,L. Asanavičiūtės g. 15,15%
2025-09-27 10:17:40,Asanavičiūtė,L. Asanavičiūtės g. 15,20%
2025-09-27 10:38:09,Asanavičiūtė,L. Asanavičiūtės g. 15,22%
2025-09-27 11:25:19,Asanavičiūtė,L. Asanavičiūtės g. 15,25%
2025-09-27 11:41:52,Asanavičiūtė,L. Asanavičiūtės g. 15,22%
2025-09-27 12:19:10,Asanavičiūtė,L. Asanavičiūtės g. 15,19%
2025-09-27 12:38:09,Asanavičiūtė,L. Asanavičiūtės g. 15,18%
2025-09-27 13:20:08,Asanavičiūtė,L. Asanavičiūtės g. 15,15%
2025-09-27 13:39:34,Asanavičiūtė,L. Asanavičiūtės g. 15,15%
2025-09-27 14:15:59,Asanavičiūtė,L. Asanavičiūtės g. 15,13%
2025-09-27 14:38:24,Asanavičiūtė,L. Asanavičiūtės g. 15,12%
2025-09-27 15:39:41,Asanavičiūtė,L. Asanavičiūtės g. 15,12%
2025-09-27 16:22:59,Asanavičiūtė,L. Asanavičiūtės g. 15,10%
2025-09-27 16:38:35,Asanavičiūtė,L. Asanavičiūtės g. 15,10%
2025-09-27 17:17:58,Asanavičiūtė,L. Asanavičiūtės g. 15,9%
2025-09-27 17:38:48,Asanavičiūtė,L. Asanavičiūtės g. 15,8%
2025-09-27 18:19:12,Asanavičiūtė,L. Asanavičiūtės g. 15,8%
2025-09-27 18:38:18,Asanavičiūtė,L. Asanavičiūtės g. 15,8%
2025-09-27 19:24:26,Asanavičiūtė,L. Asanavičiūtės g. 15,7%
2025-09-27 19:42:14,Asanavičiūtė,L. Asanavičiūtės g. 15,8%
2025-09-27 20:16:55,Asanavičiūtė,L. Asanavičiūtės g. 15,9%
2025-09-27 20:38:04,Asanavičiūtė,L. Asanavičiūtės g. 15,8%
2025-09-27 21:28:00,Asanavičiūtė,L. Asanavičiūtės g. 15,7%
2025-09-27 21:45:30,Asanavičiūtė,L. Asanavičiūtės g. 15,6%
2025-09-27 22:15:13,Asanavičiūtė,L. Asanavičiūtės g. 15,5%
2025-09-27 22:38:17,Asanavičiūtė,L. Asanavičiūtės g. 15,4%
2025-09-27 23:21:29,Asanavičiūtė,L. Asanavičiūtės g. 15,4%
2025-09-27 23:39:13,Asanavičiūtė,L. Asanavičiūtės g. 15,2%
2025-09-28 00:17:42,Asanavičiūtė,L. Asanavičiūtės g. 15,1%
2025-09-28 00:38:18,Asanavičiūtė,L. Asanavičiūtės g. 15,1%
2025-09-28 01:18:10,Asanavičiūtė,L. Asanavičiūtės g. 15,1%
2025-09-28 01:39:40,Asanavičiūtė,L. Asanavičiūtės g. 15,0%
2025-09-28 02:18:26,Asanavičiūtė,L. Asanavičiūtės g. 15,100%
2025-09-28 02:38:47,Asanavičiūtė,L. Asanavičiūtės g. 15,100%
2025-09-28 04:51:51,Asanavičiūtė,L. Asanavičiūtės g. 15,0%
2025-09-28 06:10:44,Asanavičiūtė,L. Asanavičiūtės g. 15,0%
2025-09-28 06:50:56,Asanavičiūtė,L. Asanavičiūtės g. 15,1%
2025-09-28 07:25:24,Asanavičiūtė,L. Asanavičiūtės g. 15,1%
2025-09-28 07:42:09,Asanavičiūtė,L. Asanavičiūtės g. 15,1%
2025-09-28 08:20:11,Asanavičiūtė,L. Asanavičiūtės g. 15,3%
2025-09-28 08:40:25,Asanavičiūtė,L. Asanavičiūtės g. 15,3%
2025-09-28 09:30:40,Asanavičiūtė,L. Asanavičiūtės g. 15,5%
2025-09-28 10:18:01,Asanavičiūtė,L. Asanavičiūtės g. 15,13%
2025-09-28 10:37:44,Asanavičiūtė,L. Asanavičiūtės g. 15,15%
2025-09-28 11:25:24,Asanavičiūtė,L. Asanavičiūtės g. 15,24%
2025-09-28 11:41:43,Asanavičiūtė,L. Asanavičiūtės g. 15,25%
2025-09-28 12:19:23,Asanavičiūtė,L. Asanavičiūtės g. 15,22%
2025-09-28 12:38:22,Asanavičiūtė,L. Asanavičiūtės g. 15,20%
2025-09-28 13:20:23,Asanavičiūtė,L. Asanavičiūtės g. 15,16%
2025-09-28 13:39:47,Asanavičiūtė,L. Asanavičiūtės g. 15,13%
2025-09-28 14:15:58,Asanavičiūtė,L. Asanavičiūtės g. 15,11%
2025-09-28 14:38:24,Asanavičiūtė,L. Asanavičiūtės g. 15,11%
2025-09-28 15:40:23,Asanavičiūtė,L. Asanavičiūtės g. 15,10%
2025-09-28 16:23:55,Asanavičiūtė,L. Asanavičiūtės g. 15,10%
2025-09-28 16:39:05,Asanavičiūtė,L. Asanavičiūtės g. 15,11%
2025-09-28 17:17:17,Asanavičiūtė,L. Asanavičiūtės g. 15,11%
2025-09-28 17:37:33,Asanavičiūtė,L. Asanavičiūtės g. 15,11%
2025-09-28 18:18:42,Asanavičiūtė,L. Asanavičiūtės g. 15,10%
2025-09-28 18:38:11,Asanavičiūtė,L. Asanavičiūtės g. 15,11%
2025-09-28 19:23:29,Asanavičiūtė,L. Asanavičiūtės g. 15,10%
2025-09-28 19:41:11,Asanavičiūtė,L. Asanavičiūtės g. 15,8%
2025-09-28 20:16:41,Asanavičiūtė,L. Asanavičiūtės g. 15,8%
2025-09-28 20:37:57,Asanavičiūtė,L. Asanavičiūtės g. 15,8%
2025-09-28 21:27:32,Asanavičiūtė,L. Asanavičiūtės g. 15,7%
2025-09-28 21:44:22,Asanavičiūtė,L. Asanavičiūtės g. 15,6%
2025-09-28 22:15:17,Asanavičiūtė,L. Asanavičiūtės g. 15,5%
2025-09-28 22:38:22,Asanavičiūtė,L. Asanavičiūtės g. 15,4%
2025-09-28 23:21:59,Asanavičiūtė,L. Asanavičiūtės g. 15,2%
2025-09-28 23:39:36,Asanavičiūtė,L. Asanavičiūtės g. 15,2%
2025-09-29 00:18:02,Asanavičiūtė,L. Asanavičiūtės g. 15,1%
2025-09-29 00:38:10,Asanavičiūtė,L. Asanavičiūtės g. 15,1%
2025-09-29 01:18:53,Asanavičiūtė,L. Asanavičiūtės g. 15,1%
2025-09-29 01:39:35,Asanavičiūtė,L. Asanavičiūtės g. 15,0%
2025-09-29 02:18:35,Asanavičiūtė,L. Asanavičiūtės g. 15,0%
2025-09-29 02:39:04,Asanavičiūtė,L. Asanavičiūtės g. 15,0%
2025-09-29 04:45:58,Asanavičiūtė,L. Asanavičiūtės g. 15,0%
2025-09-29 06:06:14,Asanavičiūtė,L. Asanavičiūtės g. 15,2%
2025-09-29 06:51:14,Asanavičiūtė,L. Asanavičiūtės g. 15,5%
2025-09-29 07:27:02,Asanavičiūtė,L. Asanavičiūtės g. 15,8%
2025-09-29 07:45:00,Asanavičiūtė,L. Asanavičiūtės g. 15,10%
2025-09-29 08:22:05,Asanavičiūtė,L. Asanavičiūtės g. 15,12%
2025-09-29 08:41:53,Asanavičiūtė,L. Asanavičiūtės g. 15,12%
2025-09-29 09:35:11,Asanavičiūtė,L. Asanavičiūtės g. 15,14%
2025-09-29 10:22:44,Asanavičiūtė,L. Asanavičiūtės g. 15,14%
2025-09-29 10:40:50,Asanavičiūtė,L. Asanavičiūtės g. 15,13%
2025-09-29 11:32:46,Asanavičiūtė,L. Asanavičiūtės g. 15,12%
2025-09-29 12:26:53,Asanavičiūtė,L. Asanavičiūtės g. 15,11%
2025-09-29 12:44:10,Asanavičiūtė,L. Asanavičiūtės g. 15,12%
2025-09-29 13:24:25,Asanavičiūtė,L. Asanavičiūtės g. 15,12%
2025-09-29 13:44:52,Asanavičiūtė,L. Asanavičiūtės g. 15,12%
2025-09-29 14:18:16,Asanavičiūtė,L. Asanavičiūtės g. 15,11%
2025-09-29 14:39:37,Asanavičiūtė,L. Asanavičiūtės g. 15,11%
2025-09-29 15:49:09,Asanavičiūtė,L. Asanavičiūtės g. 15,13%
2025-09-29 16:31:52,Asanavičiūtė,L. Asanavičiūtės g. 15,18%
2025-09-29 17:22:34,Asanavičiūtė,L. Asanavičiūtės g. 15,25%
2025-09-29 17:44:12,Asanavičiūtė,L. Asanavičiūtės g. 15,31%
2025-09-29 18:22:56,Asanavičiūtė,L. Asanavičiūtės g. 15,39%
2025-09-29 18:41:57,Asanavičiūtė,L. Asanavičiūtės g. 15,42%
2025-09-29 19:23:00,Asanavičiūtė,L. Asanavičiūtės g. 15,45%
2025-09-29 19:40:27,Asanavičiūtė,L. Asanavičiūtės g. 15,43%
2025-09-29 20:19:54,Asanavičiūtė,L. Asanavičiūtės g. 15,34%
2025-09-29 20:38:49,Asanavičiūtė,L. Asanavičiūtės g. 15,30%
2025-09-29 21:32:19,Asanavičiūtė,L. Asanavičiūtės g. 15,17%
2025-09-29 22:18:03,Asanavičiūtė,L. Asanavičiūtės g. 15,10%
2025-09-29 22:38:40,Asanavičiūtė,L. Asanavičiūtės g. 15,7%
2025-09-29 23:21:27,Asanavičiūtė,L. Asanavičiūtės g. 15,4%
2025-09-29 23:40:25,Asanavičiūtė,L. Asanavičiūtės g. 15,3%
2025-09-30 00:18:42,Asanavičiūtė,L. Asanavičiūtės g. 15,2%
2025-09-30 00:38:51,Asanavičiūtė,L. Asanavičiūtės g. 15,2%
2025-09-30 01:18:20,Asanavičiūtė,L. Asanavičiūtės g. 15,1%
2025-09-30 01:38:37,Asanavičiūtė,L. Asanavičiūtės g. 15,1%
2025-09-30 02:19:31,Asanavičiūtė,L. Asanavičiūtės g. 15,0%
2025-09-30 02:38:24,Asanavičiūtė,L. Asanavičiūtės g. 15,1%
2025-09-30 04:40:45,Asanavičiūtė,L. Asanavičiūtės g. 15,0%
2025-09-30 06:00:19,Asanavičiūtė,L. Asanavičiūtės g. 15,1%
2025-09-30 06:36:15,Asanavičiūtė,L. Asanavičiūtės g. 15,3%
2025-09-30 07:26:33,Asanavičiūtė,L. Asanavičiūtės g. 15,5%
2025-09-30 07:44:18,Asanavičiūtė,L. Asanavičiūtės g. 15,5%
2025-09-30 08:21:29,Asanavičiūtė,L. Asanavičiūtės g. 15,8%
2025-09-30 08:41:42,Asanavičiūtė,L. Asanavičiūtės g. 15,10%
2025-09-30 09:34:03,Asanavičiūtė,L. Asanavičiūtės g. 15,14%
2025-09-30 10:21:45,Asanavičiūtė,L. Asanavičiūtės g. 15,15%
2025-09-30 10:40:54,Asanavičiūtė,L. Asanavičiūtės g. 15,15%
2025-09-30 11:31:59,Asanavičiūtė,L. Asanavičiūtės g. 15,13%
2025-09-30 12:24:12,Asanavičiūtė,L. Asanavičiūtės g. 15,14%
2025-09-30 12:42:18,Asanavičiūtė,L. Asanavičiūtės g. 15,13%
2025-09-30 13:24:06,Asanavičiūtė,L. Asanavičiūtės g. 15,13%
2025-09-30 13:44:15,Asanavičiūtė,L. Asanavičiūtės g. 15,12%
2025-09-30 14:18:56,Asanavičiūtė,L. Asanavičiūtės g. 15,13%
2025-09-30 14:39:40,Asanavičiūtė,L. Asanavičiūtės g. 15,11%
2025-09-30 15:48:58,Asanavičiūtė,L. Asanavičiūtės g. 15,13%
2025-09-30 16:31:48,Asanavičiūtė,L. Asanavičiūtės g. 15,14%
2025-09-30 17:21:28,Asanavičiūtė,L. Asanavičiūtės g. 15,23%
2025-09-30 17:42:39,Asanavičiūtė,L. Asanavičiūtės g. 15,28%
2025-09-30 18:20:45,Asanavičiūtė,L. Asanavičiūtės g. 15,33%
2025-09-30 18:41:07,Asanavičiūtė,L. Asanavičiūtės g. 15,36%
2025-09-30 19:28:08,Asanavičiūtė,L. Asanavičiūtės g. 15,40%
2025-09-30 19:48:15,Asanavičiūtė,L. Asanavičiūtės g. 15,39%
2025-09-30 20:19:25,Asanavičiūtė,L. Asanavičiūtės g. 15,33%
2025-09-30 20:40:59,Asanavičiūtė,L. Asanavičiūtės g. 15,32%
2025-09-30 21:29:44,Asanavičiūtė,L. Asanavičiūtės g. 15,18%
2025-09-30 21:48:48,Asanavičiūtė,L. Asanavičiūtės g. 15,18%
2025-09-30 22:17:38,Asanavičiūtė,L. Asanavičiūtės g. 15,12%
2025-09-30 22:38:42,Asanavičiūtė,L. Asanavičiūtės g. 15,10%
2025-09-30 23:24:03,Asanavičiūtė,L. Asanavičiūtės g. 15,6%
2025-09-30 23:41:35,Asanavičiūtė,L. Asanavičiūtės g. 15,5%
2025-10-01 00:19:25,Asanavičiūtė,L. Asanavičiūtės g. 15,2%
2025-10-01 00:38:42,Asanavičiūtė,L. Asanavičiūtės g. 15,2%
2025-10-01 01:19:44,Asanavičiūtė,L. Asanavičiūtės g. 15,0%
2025-10-01 01:40:29,Asanavičiūtė,L. Asanavičiūtės g. 15,0%
2025-10-01 02:19:29,Asanavičiūtė,L. Asanavičiūtės g. 15,0%
2025-10-01 02:38:31,Asanavičiūtė,L. Asanavičiūtės g. 15,0%
2025-10-01 04:53:12,Asanavičiūtė,L. Asanavičiūtės g. 15,0%
2025-10-01 06:13:42,Asanavičiūtė,L. Asanavičiūtės g. 15,3%
2025-10-01 06:54:03,Asanavičiūtė,L. Asanavičiūtės g. 15,5%
2025-10-01 07:25:55,Asanavičiūtė,L. Asanavičiūtės g. 15,7%
2025-10-01 07:44:24,Asanavičiūtė,L. Asanavičiūtės g. 15,9%
2025-10-01 08:21:59,Asanavičiūtė,L. Asanavičiūtės g. 15,12%
2025-10-01 08:42:02,Asanavičiūtė,L. Asanavičiūtės g. 15,13%
2025-10-01 09:33:46,Asanavičiūtė,L. Asanavičiūtės g. 15,15%
2025-10-01 10:22:09,Asanavičiūtė,L. Asanavičiūtės g. 15,15%
2025-10-01 10:40:52,Asanavičiūtė,L. Asanavičiūtės g. 15,14%
2025-10-01 11:30:10,Asanavičiūtė,L. Asanavičiūtės g. 15,13%
2025-10-01 11:50:53,Asanavičiūtė,L. Asanavičiūtės g. 15,14%
2025-10-01 12:25:02,Asanavičiūtė,L. Asanavičiūtės g. 15,11%
2025-10-01 12:42:22,Asanavičiūtė,L. Asanavičiūtės g. 15,11%
2025-10-01 13:23:36,Asanavičiūtė,L. Asanavičiūtės g. 15,12%
2025-10-01 13:43:42,Asanavičiūtė,L. Asanavičiūtės g. 15,11%
2025-10-01 14:18:55,Asanavičiūtė,L. Asanavičiūtės g. 15,11%
2025-10-01 14:39:05,Asanavičiūtė,L. Asanavičiūtės g. 15,10%
2025-10-01 15:48:31,Asanavičiūtė,L. Asanavičiūtės g. 15,13%
2025-10-01 16:31:58,Asanavičiūtė,L. Asanavičiūtės g. 15,17%
2025-10-01 17:22:37,Asanavičiūtė,L. Asanavičiūtės g. 15,25%
2025-10-01 17:44:49,Asanavičiūtė,L. Asanavičiūtės g. 15,29%
2025-10-01 18:22:51,Asanavičiūtė,L. Asanavičiūtės g. 15,34%
2025-10-01 18:42:00,Asanavičiūtė,L. Asanavičiūtės g. 15,34%
2025-10-01 19:27:57,Asanavičiūtė,L. Asanavičiūtės g. 15,36%
2025-10-01 19:48:08,Asanavičiūtė,L. Asanavičiūtės g. 15,34%
2025-10-01 20:19:22,Asanavičiūtė,L. Asanavičiūtės g. 15,27%
2025-10-01 20:41:02,Asanavičiūtė,L. Asanavičiūtės g. 15,25%
2025-10-01 21:31:59,Asanavičiūtė,L. Asanavičiūtės g. 15,15%
2025-10-01 22:17:26,Asanavičiūtė,L. Asanavičiūtės g. 15,10%
2025-10-01 22:38:46,Asanavičiūtė,L. Asanavičiūtės g. 15,7%
2025-10-01 23:24:44,Asanavičiūtė,L. Asanavičiūtės g. 15,4%
2025-10-01 23:41:14,Asanavičiūtė,L. Asanavičiūtės g. 15,4%
2025-10-02 00:19:16,Asanavičiūtė,L. Asanavičiūtės g. 15,2%
2025-10-02 00:38:36,Asanavičiūtė,L. Asanavičiūtės g. 15,2%
2025-10-02 01:19:44,Asanavičiūtė,L. Asanavičiūtės g. 15,1%
2025-10-02 01:40:23,Asanavičiūtė,L. Asanavičiūtės g. 15,1%
2025-10-02 02:19:14,Asanavičiūtė,L. Asanavičiūtės g. 15,1%
2025-10-02 02:39:11,Asanavičiūtė,L. Asanavičiūtės g. 15,1%
2025-10-02 04:41:10,Asanavičiūtė,L. Asanavičiūtės g. 15,0%
2025-10-02 05:59:16,Asanavičiūtė,L. Asanavičiūtės g. 15,1%
2025-10-02 06:33:48,Asanavičiūtė,L. Asanavičiūtės g. 15,3%
2025-10-02 07:25:35,Asanavičiūtė,L. Asanavičiūtės g. 15,5%
2025-10-02 07:42:41,Asanavičiūtė,L. Asanavičiūtės g. 15,5%
2025-10-02 08:20:17,Asanavičiūtė,L. Asanavičiūtės g. 15,8%
2025-10-02 08:40:14,Asanavičiūtė,L. Asanavičiūtės g. 15,9%
2025-10-02 09:32:18,Asanavičiūtė,L. Asanavičiūtės g. 15,12%
2025-10-02 10:20:07,Asanavičiūtė,L. Asanavičiūtės g. 15,14%
2025-10-02 10:38:13,Asanavičiūtė,L. Asanavičiūtės g. 15,13%
2025-10-02 11:28:20,Asanavičiūtė,L. Asanavičiūtės g. 15,13%
2025-10-02 11:48:12,Asanavičiūtė,L. Asanavičiūtės g. 15,14%
2025-10-02 12:22:30,Asanavičiūtė,L. Asanavičiūtės g. 15,15%
2025-10-02 12:40:42,Asanavičiūtė,L. Asanavičiūtės g. 15,15%
2025-10-02 13:22:01,Asanavičiūtė,L. Asanavičiūtės g. 15,13%
2025-10-02 13:41:31,Asanavičiūtė,L. Asanavičiūtės g. 15,13%
2025-10-02 14:17:02,Asanavičiūtė,L. Asanavičiūtės g. 15,13%
2025-10-02 14:38:55,Asanavičiūtė,L. Asanavičiūtės g. 15,12%
2025-10-02 15:43:19,Asanavičiūtė,L. Asanavičiūtės g. 15,14%
2025-10-02 16:29:31,Asanavičiūtė,L. Asanavičiūtės g. 15,16%
2025-10-02 16:44:44,Asanavičiūtė,L. Asanavičiūtės g. 15,18%
2025-10-02 17:21:48,Asanavičiūtė,L. Asanavičiūtės g. 15,25%
2025-10-02 17:42:48,Asanavičiūtė,L. Asanavičiūtės g. 15,29%
2025-10-02 18:22:41,Asanavičiūtė,L. Asanavičiūtės g. 15,31%
2025-10-02 18:42:06,Asanavičiūtė,L. Asanavičiūtės g. 15,33%
2025-10-02 19:26:57,Asanavičiūtė,L. Asanavičiūtės g. 15,37%
2025-10-02 19:47:16,Asanavičiūtė,L. Asanavičiūtės g. 15,35%
2025-10-02 20:17:05,Asanavičiūtė,L. Asanavičiūtės g. 15,31%
2025-10-02 20:38:38,Asanavičiūtė,L. Asanavičiūtės g. 15,30%
2025-10-02 21:31:14,Asanavičiūtė,L. Asanavičiūtės g. 15,17%
2025-10-02 22:16:27,Asanavičiūtė,L. Asanavičiūtės g. 15,11%
2025-10-02 22:38:43,Asanavičiūtė,L. Asanavičiūtės g. 15,8%
2025-10-02 23:24:07,Asanavičiūtė,L. Asanavičiūtės g. 15,5%
2025-10-02 23:41:03,Asanavičiūtė,L. Asanavičiūtės g. 15,4%
2025-10-03 00:18:25,Asanavičiūtė,L. Asanavičiūtės g. 15,2%
2025-10-03 00:38:25,Asanavičiūtė,L. Asanavičiūtės g. 15,1%
2025-10-03 01:19:16,Asanavičiūtė,L. Asanavičiūtės g. 15,1%
2025-10-03 01:39:41,Asanavičiūtė,L. Asanavičiūtės g. 15,1%
2025-10-03 02:18:53,Asanavičiūtė,L. Asanavičiūtės g. 15,1%
2025-10-03 02:38:44,Asanavičiūtė,L. Asanavičiūtės g. 15,1%
2025-10-03 04:41:04,Asanavičiūtė,L. Asanavičiūtės g. 15,0%
2025-10-03 05:58:30,Asanavičiūtė,L. Asanavičiūtės g. 15,2%
2025-10-03 06:32:49,Asanavičiūtė,L. Asanavičiūtės g. 15,3%
2025-10-03 07:25:22,Asanavičiūtė,L. Asanavičiūtės g. 15,7%
2025-10-03 07:42:02,Asanavičiūtė,L. Asanavičiūtės g. 15,9%
2025-10-03 08:20:40,Asanavičiūtė,L. Asanavičiūtės g. 15,12%
2025-10-03 08:41:12,Asanavičiūtė,L. Asanavičiūtės g. 15,14%
2025-10-03 09:32:18,Asanavičiūtė,L. Asanavičiūtės g. 15,18%
2025-10-03 10:20:58,Asanavičiūtė,L. Asanavičiūtės g. 15,21%
2025-10-03 10:38:57,Asanavičiūtė,L. Asanavičiūtės g. 15,20%
2025-10-03 11:28:14,Asanavičiūtė,L. Asanavičiūtės g. 15,18%
2025-10-03 11:47:04,Asanavičiūtė,L. Asanavičiūtės g. 15,17%
2025-10-03 12:21:54,Asanavičiūtė,L. Asanavičiūtės g. 15,14%
2025-10-03 12:39:41,Asanavičiūtė,L. Asanavičiūtės g. 15,13%
2025-10-03 13:22:19,Asanavičiūtė,L. Asanavičiūtės g. 15,13%
2025-10-03 13:41:35,Asanavičiūtė,L. Asanavičiūtės g. 15,13%
2025-10-03 14:17:31,Asanavičiūtė,L. Asanavičiūtės g. 15,15%
2025-10-03 14:38:33,Asanavičiūtė,L. Asanavičiūtės g. 15,14%
2025-10-03 15:43:35,Asanavičiūtė,L. Asanavičiūtės g. 15,14%
2025-10-03 16:28:28,Asanavičiūtė,L. Asanavičiūtės g. 15,15%
2025-10-03 16:43:47,Asanavičiūtė,L. Asanavičiūtės g. 15,17%
2025-10-03 17:42:23,Asanavičiūtė,L. Asanavičiūtės g. 15,23%
2025-10-03 18:21:37,Asanavičiūtė,L. Asanavičiūtės g. 15,27%
2025-10-03 18:40:17,Asanavičiūtė,L. Asanavičiūtės g. 15,26%
2025-10-03 19:26:35,Asanavičiūtė,L. Asanavičiūtės g. 15,21%
2025-10-03 19:45:48,Asanavičiūtė,L. Asanavičiūtės g. 15,21%
2025-10-03 20:18:02,Asanavičiūtė,L. Asanavičiūtės g. 15,18%
2025-10-03 20:39:28,Asanavičiūtė,L. Asanavičiūtės g. 15,14%
2025-10-03 21:30:34,Asanavičiūtė,L. Asanavičiūtės g. 15,11%
2025-10-03 22:16:30,Asanavičiūtė,L. Asanavičiūtės g. 15,7%
2025-10-03 22:38:17,Asanavičiūtė,L. Asanavičiūtės g. 15,6%
2025-10-03 23:23:27,Asanavičiūtė,L. Asanavičiūtės g. 15,3%
2025-10-03 23:40:19,Asanavičiūtė,L. Asanavičiūtės g. 15,2%
2025-10-04 00:17:49,Asanavičiūtė,L. Asanavičiūtės g. 15,2%
2025-10-04 00:38:25,Asanavičiūtė,L. Asanavičiūtės g. 15,1%
2025-10-04 01:19:01,Asanavičiūtė,L. Asanavičiūtės g. 15,1%
2025-10-04 01:39:33,Asanavičiūtė,L. Asanavičiūtės g. 15,1%
2025-10-04 02:18:36,Asanavičiūtė,L. Asanavičiūtės g. 15,1%
2025-10-04 02:38:18,Asanavičiūtė,L. Asanavičiūtės g. 15,0%
2025-10-04 04:37:46,Asanavičiūtė,L. Asanavičiūtės g. 15,100%
2025-10-04 05:53:08,Asanavičiūtė,L. Asanavičiūtės g. 15,1%
2025-10-04 06:26:25,Asanavičiūtė,L. Asanavičiūtės g. 15,1%
2025-10-04 06:42:58,Asanavičiūtė,L. Asanavičiūtės g. 15,1%
2025-10-04 07:24:40,Asanavičiūtė,L. Asanavičiūtės g. 15,2%
2025-10-04 07:41:41,Asanavičiūtė,L. Asanavičiūtės g. 15,2%
2025-10-04 08:19:04,Asanavičiūtė,L. Asanavičiūtės g. 15,3%
2025-10-04 08:39:52,Asanavičiūtė,L. Asanavičiūtės g. 15,4%
2025-10-04 09:29:38,Asanavičiūtė,L. Asanavičiūtės g. 15,14%
2025-10-04 09:46:50,Asanavičiūtė,L. Asanavičiūtės g. 15,15%
2025-10-04 10:18:25,Asanavičiūtė,L. Asanavičiūtės g. 15,18%
2025-10-04 10:38:14,Asanavičiūtė,L. Asanavičiūtės g. 15,21%
2025-10-04 11:25:30,Asanavičiūtė,L. Asanavičiūtės g. 15,24%
2025-10-04 11:42:13,Asanavičiūtė,L. Asanavičiūtės g. 15,22%
2025-10-04 12:19:16,Asanavičiūtė,L. Asanavičiūtės g. 15,18%
2025-10-04 12:37:58,Asanavičiūtė,L. Asanavičiūtės g. 15,18%
2025-10-04 13:20:20,Asanavičiūtė,L. Asanavičiūtės g. 15,15%
2025-10-04 13:39:39,Asanavičiūtė,L. Asanavičiūtės g. 15,15%
2025-10-04 14:15:20,Asanavičiūtė,L. Asanavičiūtės g. 15,12%
2025-10-04 14:38:12,Asanavičiūtė,L. Asanavičiūtės g. 15,12%
2025-10-04 15:39:28,Asanavičiūtė,L. Asanavičiūtės g. 15,10%
2025-10-04 16:22:18,Asanavičiūtė,L. Asanavičiūtės g. 15,10%
2025-10-04 16:38:11,Asanavičiūtė,L. Asanavičiūtės g. 15,10%
2025-10-04 17:17:45,Asanavičiūtė,L. Asanavičiūtės g. 15,10%
2025-10-04 17:37:58,Asanavičiūtė,L. Asanavičiūtės g. 15,10%
2025-10-04 18:18:50,Asanavičiūtė,L. Asanavičiūtės g. 15,11%
2025-10-04 18:38:05,Asanavičiūtė,L. Asanavičiūtės g. 15,10%
2025-10-04 19:23:50,Asanavičiūtė,L. Asanavičiūtės g. 15,9%
2025-10-04 19:42:18,Asanavičiūtė,L. Asanavičiūtės g. 15,10%
2025-10-04 20:16:33,Asanavičiūtė,L. Asanavičiūtės g. 15,9%
2025-10-04 20:38:00,Asanavičiūtė,L. Asanavičiūtės g. 15,9%
2025-10-04 21:27:48,Asanavičiūtė,L. Asanavičiūtės g. 15,8%
2025-10-04 21:45:21,Asanavičiūtė,L. Asanavičiūtės g. 15,7%
2025-10-04 22:15:24,Asanavičiūtė,L. Asanavičiūtės g. 15,4%
2025-10-04 22:38:22,Asanavičiūtė,L. Asanavičiūtės g. 15,3%
2025-10-04 23:21:27,Asanavičiūtė,L. Asanavičiūtės g. 15,2%
2025-10-04 23:39:17,Asanavičiūtė,L. Asanavičiūtės g. 15,1%
2025-10-05 00:17:22,Asanavičiūtė,L. Asanavičiūtės g. 15,1%
2025-10-05 00:38:09,Asanavičiūtė,L. Asanavičiūtės g. 15,1%
2025-10-05 01:18:38,Asanavičiūtė,L. Asanavičiūtės g. 15,0%
2025-10-05 01:38:57,Asanavičiūtė,L. Asanavičiūtės g. 15,0%
2025-10-05 02:18:45,Asanavičiūtė,L. Asanavičiūtės g. 15,100%
2025-10-05 02:38:27,Asanavičiūtė,L. Asanavičiūtės g. 15,0%
2025-10-05 04:50:34,Asanavičiūtė,L. Asanavičiūtės g. 15,1%
2025-10-05 06:09:22,Asanavičiūtė,L. Asanavičiūtės g. 15,1%
2025-10-05 06:48:26,Asanavičiūtė,L. Asanavičiūtės g. 15,1%
2025-10-05 07:24:11,Asanavičiūtė,L. Asanavičiūtės g. 15,1%
2025-10-05 07:41:10,Asanavičiūtė,L. Asanavičiūtės g. 15,2%
2025-10-05 08:19:27,Asanavičiūtė,L. Asanavičiūtės g. 15,2%
2025-10-05 08:39:25,Asanavičiūtė,L. Asanavičiūtės g. 15,3%
2025-10-05 09:29:49,Asanavičiūtė,L. Asanavičiūtės g. 15,6%
2025-10-05 09:46:58,Asanavičiūtė,L. Asanavičiūtės g. 15,8%
2025-10-05 10:18:29,Asanavičiūtė,L. Asanavičiūtės g. 15,13%
2025-10-05 10:38:10,Asanavičiūtė,L. Asanavičiūtės g. 15,15%
2025-10-05 11:24:59,Asanavičiūtė,L. Asanavičiūtės g. 15,22%
2025-10-05 11:41:46,Asanavičiūtė,L. Asanavičiūtės g. 15,24%
2025-10-05 12:18:55,Asanavičiūtė,L. Asanavičiūtės g. 15,22%
2025-10-05 12:38:18,Asanavičiūtė,L. Asanavičiūtės g. 15,20%
2025-10-05 13:20:00,Asanavičiūtė,L. Asanavičiūtės g. 15,17%
2025-10-05 13:39:43,Asanavičiūtė,L. Asanavičiūtės g. 15,14%
2025-10-05 14:16:11,Asanavičiūtė,L. Asanavičiūtės g. 15,13%
2025-10-05 14:38:13,Asanavičiūtė,L. Asanavičiūtės g. 15,13%
2025-10-05 15:40:02,Asanavičiūtė,L. Asanavičiūtės g. 15,12%
2025-10-05 16:23:16,Asanavičiūtė,L. Asanavičiūtės g. 15,12%
2025-10-05 16:38:32,Asanavičiūtė,L. Asanavičiūtės g. 15,13%
2025-10-05 17:17:33,Asanavičiūtė,L. Asanavičiūtės g. 15,13%
2025-10-05 17:38:32,Asanavičiūtė,L. Asanavičiūtės g. 15,13%
2025-10-05 18:18:56,Asanavičiūtė,L. Asanavičiūtės g. 15,14%
2025-10-05 18:37:51,Asanavičiūtė,L. Asanavičiūtės g. 15,14%
2025-10-05 19:23:52,Asanavičiūtė,L. Asanavičiūtės g. 15,11%
2025-10-05 19:42:00,Asanavičiūtė,L. Asanavičiūtės g. 15,11%
2025-10-05 20:16:48,Asanavičiūtė,L. Asanavičiūtės g. 15,9%
2025-10-05 20:37:51,Asanavičiūtė,L. Asanavičiūtės g. 15,9%
2025-10-05 21:28:12,Asanavičiūtė,L. Asanavičiūtės g. 15,7%
2025-10-05 21:45:40,Asanavičiūtė,L. Asanavičiūtės g. 15,5%
2025-10-05 22:15:32,Asanavičiūtė,L. Asanavičiūtės g. 15,5%
2025-10-05 22:38:09,Asanavičiūtė,L. Asanavičiūtės g. 15,4%
2025-10-05 23:21:24,Asanavičiūtė,L. Asanavičiūtės g. 15,2%
2025-10-05 23:39:26,Asanavičiūtė,L. Asanavičiūtės g. 15,2%
2025-10-06 00:17:30,Asanavičiūtė,L. Asanavičiūtės g. 15,2%
2025-10-06 00:38:03,Asanavičiūtė,L. Asanavičiūtės g. 15,1%
2025-10-06 01:18:53,Asanavičiūtė,L. Asanavičiūtės g. 15,1%
2025-10-06 01:39:28,Asanavičiūtė,L. Asanavičiūtės g. 15,1%
2025-10-06 02:17:06,Asanavičiūtė,L. Asanavičiūtės g. 15,0%
2025-10-06 02:38:21,Asanavičiūtė,L. Asanavičiūtės g. 15,0%
2025-10-06 06:04:17,Asanavičiūtė,L. Asanavičiūtės g. 15,2%
2025-10-06 06:48:47,Asanavičiūtė,L. Asanavičiūtės g. 15,5%
2025-10-06 07:25:27,Asanavičiūtė,L. Asanavičiūtės g. 15,7%
2025-10-06 07:42:42,Asanavičiūtė,L. Asanavičiūtės g. 15,9%
2025-10-06 08:21:37,Asanavičiūtė,L. Asanavičiūtės g. 15,11%
2025-10-06 08:40:46,Asanavičiūtė,L. Asanavičiūtės g. 15,13%
2025-10-06 09:34:18,Asanavičiūtė,L. Asanavičiūtės g. 15,16%
2025-10-06 10:22:48,Asanavičiūtė,L. Asanavičiūtės g. 15,17%
2025-10-06 10:39:55,Asanavičiūtė,L. Asanavičiūtės g. 15,17%
2025-10-06 11:30:19,Asanavičiūtė,L. Asanavičiūtės g. 15,14%
2025-10-06 11:50:04,Asanavičiūtė,L. Asanavičiūtės g. 15,15%
2025-10-06 12:26:11,Asanavičiūtė,L. Asanavičiūtės g. 15,12%
2025-10-06 12:42:45,Asanavičiūtė,L. Asanavičiūtės g. 15,12%
2025-10-06 13:24:57,Asanavičiūtė,L. Asanavičiūtės g. 15,12%
2025-10-06 13:43:47,Asanavičiūtė,L. Asanavičiūtės g. 15,12%
2025-10-06 14:18:24,Asanavičiūtė,L. Asanavičiūtės g. 15,10%
2025-10-06 14:38:41,Asanavičiūtė,L. Asanavičiūtės g. 15,10%
2025-10-06 15:47:56,Asanavičiūtė,L. Asanavičiūtės g. 15,15%
2025-10-06 16:31:31,Asanavičiūtė,L. Asanavičiūtės g. 15,20%
2025-10-06 17:22:11,Asanavičiūtė,L. Asanavičiūtės g. 15,28%
2025-10-06 17:44:20,Asanavičiūtė,L. Asanavičiūtės g. 15,36%
2025-10-06 18:22:52,Asanavičiūtė,L. Asanavičiūtės g. 15,40%
2025-10-06 18:41:45,Asanavičiūtė,L. Asanavičiūtės g. 15,42%
2025-10-06 19:27:52,Asanavičiūtė,L. Asanavičiūtės g. 15,46%
2025-10-06 19:47:38,Asanavičiūtė,L. Asanavičiūtės g. 15,43%
2025-10-06 20:19:44,Asanavičiūtė,L. Asanavičiūtės g. 15,35%
2025-10-06 20:40:37,Asanavičiūtė,L. Asanavičiūtės g. 15,32%
2025-10-06 21:32:34,Asanavičiūtė,L. Asanavičiūtės g. 15,18%
2025-10-06 22:17:35,Asanavičiūtė,L. Asanavičiūtės g. 15,13%
2025-10-06 22:39:07,Asanavičiūtė,L. Asanavičiūtės g. 15,9%
2025-10-06 23:24:04,Asanavičiūtė,L. Asanavičiūtės g. 15,5%
2025-10-06 23:41:57,Asanavičiūtė,L. Asanavičiūtės g. 15,3%
2025-10-07 00:18:51,Asanavičiūtė,L. Asanavičiūtės g. 15,2%
2025-10-07 00:38:36,Asanavičiūtė,L. Asanavičiūtės g. 15,2%
2025-10-07 01:19:22,Asanavičiūtė,L. Asanavičiūtės g. 15,1%
2025-10-07 01:40:07,Asanavičiūtė,L. Asanavičiūtės g. 15,1%
2025-10-07 02:19:20,Asanavičiūtė,L. Asanavičiūtės g. 15,1%
2025-10-07 02:38:18,Asanavičiūtė,L. Asanavičiūtės g. 15,0%
2025-10-07 04:41:57,Asanavičiūtė,L. Asanavičiūtės g. 15,0%
2025-10-07 05:59:46,Asanavičiūtė,L. Asanavičiūtės g. 15,2%
2025-10-07 06:35:23,Asanavičiūtė,L. Asanavičiūtės g. 15,4%
2025-10-07 07:26:16,Asanavičiūtė,L. Asanavičiūtės g. 15,5%
2025-10-07 07:43:16,Asanavičiūtė,L. Asanavičiūtės g. 15,5%
2025-10-07 08:20:43,Asanavičiūtė,L. Asanavičiūtės g. 15,8%
2025-10-07 08:40:52,Asanavičiūtė,L. Asanavičiūtės g. 15,10%
2025-10-07 09:33:04,Asanavičiūtė,L. Asanavičiūtės g. 15,15%
2025-10-07 10:21:31,Asanavičiūtė,L. Asanavičiūtės g. 15,15%
2025-10-07 10:39:18,Asanavičiūtė,L. Asanavičiūtės g. 15,16%
2025-10-07 11:29:46,Asanavičiūtė,L. Asanavičiūtės g. 15,13%
2025-10-07 11:49:16,Asanavičiūtė,L. Asanavičiūtės g. 15,14%
2025-10-07 12:23:58,Asanavičiūtė,L. Asanavičiūtės g. 15,15%
2025-10-07 12:41:49,Asanavičiūtė,L. Asanavičiūtės g. 15,15%
2025-10-07 13:23:24,Asanavičiūtė,L. Asanavičiūtės g. 15,13%
2025-10-07 13:43:14,Asanavičiūtė,L. Asanavičiūtės g. 15,11%
2025-10-07 14:18:26,Asanavičiūtė,L. Asanavičiūtės g. 15,13%
2025-10-07 14:39:18,Asanavičiūtė,L. Asanavičiūtės g. 15,11%
2025-10-07 15:47:15,Asanavičiūtė,L. Asanavičiūtės g. 15,15%
2025-10-07 16:31:44,Asanavičiūtė,L. Asanavičiūtės g. 15,21%
2025-10-07 17:23:28,Asanavičiūtė,L. Asanavičiūtės g. 15,28%
2025-10-07 17:45:18,Asanavičiūtė,L. Asanavičiūtės g. 15,30%
2025-10-07 18:24:28,Asanavičiūtė,L. Asanavičiūtės g. 15,35%
2025-10-07 18:43:01,Asanavičiūtė,L. Asanavičiūtės g. 15,36%
2025-10-07 19:27:56,Asanavičiūtė,L. Asanavičiūtės g. 15,35%
2025-10-07 19:48:07,Asanavičiūtė,L. Asanavičiūtės g. 15,33%
2025-10-07 20:19:43,Asanavičiūtė,L. Asanavičiūtės g. 15,27%
2025-10-07 20:41:02,Asanavičiūtė,L. Asanavičiūtės g. 15,24%
2025-10-07 21:32:58,Asanavičiūtė,L. Asanavičiūtės g. 15,14%
2025-10-07 22:17:32,Asanavičiūtė,L. Asanavičiūtės g. 15,9%
2025-10-07 22:38:49,Asanavičiūtė,L. Asanavičiūtės g. 15,7%
2025-10-07 23:23:48,Asanavičiūtė,L. Asanavičiūtės g. 15,3%
2025-10-07 23:41:24,Asanavičiūtė,L. Asanavičiūtės g. 15,3%
2025-10-08 00:18:55,Asanavičiūtė,L. Asanavičiūtės g. 15,2%
2025-10-08 00:38:23,Asanavičiūtė,L. Asanavičiūtės g. 15,2%
2025-10-08 01:19:36,Asanavičiūtė,L. Asanavičiūtės g. 15,1%
2025-10-08 01:39:48,Asanavičiūtė,L. Asanavičiūtės g. 15,1%
2025-10-08 02:19:18,Asanavičiūtė,L. Asanavičiūtės g. 15,1%
2025-10-08 02:38:35,Asanavičiūtė,L. Asanavičiūtės g. 15,1%
2025-10-08 04:42:18,Asanavičiūtė,L. Asanavičiūtės g. 15,0%
2025-10-08 05:59:41,Asanavičiūtė,L. Asanavičiūtės g. 15,2%
2025-10-08 06:35:15,Asanavičiūtė,L. Asanavičiūtės g. 15,4%
2025-10-08 07:26:21,Asanavičiūtė,L. Asanavičiūtės g. 15,7%
2025-10-08 07:43:40,Asanavičiūtė,L. Asanavičiūtės g. 15,9%
2025-10-08 08:21:19,Asanavičiūtė,L. Asanavičiūtės g. 15,12%
2025-10-08 08:41:54,Asanavičiūtė,L. Asanavičiūtės g. 15,12%
2025-10-08 09:33:57,Asanavičiūtė,L. Asanavičiūtės g. 15,17%
2025-10-08 10:20:52,Asanavičiūtė,L. Asanavičiūtės g. 15,16%
2025-10-08 10:39:52,Asanavičiūtė,L. Asanavičiūtės g. 15,15%
2025-10-08 11:30:14,Asanavičiūtė,L. Asanavičiūtės g. 15,14%
2025-10-08 11:50:26,Asanavičiūtė,L. Asanavičiūtės g. 15,13%
2025-10-08 12:24:36,Asanavičiūtė,L. Asanavičiūtės g. 15,11%
2025-10-08 12:42:06,Asanavičiūtė,L. Asanavičiūtės g. 15,12%
2025-10-08 13:23:08,Asanavičiūtė,L. Asanavičiūtės g. 15,11%
2025-10-08 13:43:54,Asanavičiūtė,L. Asanavičiūtės g. 15,11%
2025-10-08 14:18:08,Asanavičiūtė,L. Asanavičiūtės g. 15,11%
2025-10-08 14:39:14,Asanavičiūtė,L. Asanavičiūtės g. 15,10%
2025-10-08 15:47:21,Asanavičiūtė,L. Asanavičiūtės g. 15,14%
2025-10-08 17:22:55,Asanavičiūtė,L. Asanavičiūtės g. 15,26%
2025-10-08 17:44:55,Asanavičiūtė,L. Asanavičiūtės g. 15,30%
2025-10-08 18:23:48,Asanavičiūtė,L. Asanavičiūtės g. 15,34%
2025-10-08 18:43:08,Asanavičiūtė,L. Asanavičiūtės g. 15,36%
2025-10-08 19:28:22,Asanavičiūtė,L. Asanavičiūtės g. 15,39%
2025-10-08 19:48:33,Asanavičiūtė,L. Asanavičiūtės g. 15,37%
2025-10-08 20:19:29,Asanavičiūtė,L. Asanavičiūtės g. 15,30%
2025-10-08 20:41:03,Asanavičiūtė,L. Asanavičiūtės g. 15,29%
2025-10-08 21:33:14,Asanavičiūtė,L. Asanavičiūtės g. 15,18%
2025-10-08 22:17:33,Asanavičiūtė,L. Asanavičiūtės g. 15,12%
2025-10-08 22:38:52,Asanavičiūtė,L. Asanavičiūtės g. 15,8%
2025-10-08 23:24:00,Asanavičiūtė,L. Asanavičiūtės g. 15,4%
2025-10-08 23:41:35,Asanavičiūtė,L. Asanavičiūtės g. 15,2%
2025-10-09 00:19:37,Asanavičiūtė,L. Asanavičiūtės g. 15,1%
2025-10-09 00:39:01,Asanavičiūtė,L. Asanavičiūtės g. 15,1%
2025-10-09 01:20:27,Asanavičiūtė,L. Asanavičiūtės g. 15,1%
2025-10-09 01:41:01,Asanavičiūtė,L. Asanavičiūtės g. 15,0%
2025-10-09 02:19:22,Asanavičiūtė,L. Asanavičiūtės g. 15,0%
2025-10-09 02:38:43,Asanavičiūtė,L. Asanavičiūtės g. 15,0%
2025-10-09 04:43:08,Asanavičiūtė,L. Asanavičiūtės g. 15,0%
2025-10-09 06:02:01,Asanavičiūtė,L. Asanavičiūtės g. 15,2%
2025-10-09 06:48:17,Asanavičiūtė,L. Asanavičiūtės g. 15,4%
2025-10-09 07:26:27,Asanavičiūtė,L. Asanavičiūtės g. 15,6%
2025-10-09 07:44:03,Asanavičiūtė,L. Asanavičiūtės g. 15,6%
2025-10-09 08:21:27,Asanavičiūtė,L. Asanavičiūtės g. 15,9%
2025-10-09 08:41:54,Asanavičiūtė,L. Asanavičiūtės g. 15,11%
2025-10-09 09:34:11,Asanavičiūtė,L. Asanavičiūtės g. 15,14%
2025-10-09 10:21:16,Asanavičiūtė,L. Asanavičiūtės g. 15,15%
2025-10-09 10:39:31,Asanavičiūtė,L. Asanavičiūtės g. 15,15%
2025-10-09 11:30:00,Asanavičiūtė,L. Asanavičiūtės g. 15,11%
2025-10-09 11:50:33,Asanavičiūtė,L. Asanavičiūtės g. 15,13%
2025-10-09 12:23:39,Asanavičiūtė,L. Asanavičiūtės g. 15,15%
2025-10-09 12:42:05,Asanavičiūtė,L. Asanavičiūtės g. 15,14%
2025-10-09 13:24:26,Asanavičiūtė,L. Asanavičiūtės g. 15,12%
2025-10-09 13:44:35,Asanavičiūtė,L. Asanavičiūtės g. 15,13%
2025-10-09 14:18:40,Asanavičiūtė,L. Asanavičiūtės g. 15,13%
2025-10-09 14:39:16,Asanavičiūtė,L. Asanavičiūtės g. 15,13%
2025-10-09 15:47:42,Asanavičiūtė,L. Asanavičiūtės g. 15,15%
2025-10-09 16:32:43,Asanavičiūtė,L. Asanavičiūtės g. 15,18%
2025-10-09 17:22:44,Asanavičiūtė,L. Asanavičiūtės g. 15,23%
2025-10-09 18:05:12,Asanavičiūtė,L. Asanavičiūtės g. 15,29%
2025-10-09 18:30:50,Asanavičiūtė,L. Asanavičiūtės g. 15,32%
2025-10-09 18:51:23,Asanavičiūtė,L. Asanavičiūtės g. 15,33%
2025-10-09 19:29:41,Asanavičiūtė,L. Asanavičiūtės g. 15,32%
2025-10-09 19:51:51,Asanavičiūtė,L. Asanavičiūtės g. 15,29%
2025-10-09 20:19:59,Asanavičiūtė,L. Asanavičiūtės g. 15,26%
2025-10-09 20:41:37,Asanavičiūtė,L. Asanavičiūtės g. 15,22%
2025-10-09 21:31:48,Asanavičiūtė,L. Asanavičiūtės g. 15,14%
2025-10-09 22:18:30,Asanavičiūtė,L. Asanavičiūtės g. 15,10%
2025-10-09 22:38:53,Asanavičiūtė,L. Asanavičiūtės g. 15,7%
2025-10-09 23:24:41,Asanavičiūtė,L. Asanavičiūtės g. 15,4%
2025-10-09 23:41:43,Asanavičiūtė,L. Asanavičiūtės g. 15,3%
2025-10-10 00:19:48,Asanavičiūtė,L. Asanavičiūtės g. 15,2%
2025-10-10 00:38:48,Asanavičiūtė,L. Asanavičiūtės g. 15,2%
2025-10-10 01:20:04,Asanavičiūtė,L. Asanavičiūtės g. 15,1%
2025-10-10 01:40:57,Asanavičiūtė,L. Asanavičiūtės g. 15,1%
2025-10-10 02:19:17,Asanavičiūtė,L. Asanavičiūtės g. 15,1%
2025-10-10 02:38:26,Asanavičiūtė,L. Asanavičiūtės g. 15,1%
2025-10-10 04:43:28,Asanavičiūtė,L. Asanavičiūtės g. 15,0%
2025-10-10 06:02:31,Asanavičiūtė,L. Asanavičiūtės g. 15,2%
2025-10-10 06:48:44,Asanavičiūtė,L. Asanavičiūtės g. 15,4%
2025-10-10 07:26:11,Asanavičiūtė,L. Asanavičiūtės g. 15,7%
2025-10-10 07:43:57,Asanavičiūtė,L. Asanavičiūtės g. 15,9%
2025-10-10 08:21:31,Asanavičiūtė,L. Asanavičiūtės g. 15,12%
2025-10-10 08:41:52,Asanavičiūtė,L. Asanavičiūtės g. 15,12%
2025-10-10 09:33:32,Asanavičiūtė,L. Asanavičiūtės g. 15,16%
2025-10-10 10:21:06,Asanavičiūtė,L. Asanavičiūtės g. 15,18%
2025-10-10 10:39:25,Asanavičiūtė,L. Asanavičiūtės g. 15,17%
2025-10-10 11:29:35,Asanavičiūtė,L. Asanavičiūtės g. 15,15%
2025-10-10 11:49:06,Asanavičiūtė,L. Asanavičiūtės g. 15,15%
2025-10-10 12:24:14,Asanavičiūtė,L. Asanavičiūtės g. 15,12%
2025-10-10 12:41:41,Asanavičiūtė,L. Asanavičiūtės g. 15,10%
2025-10-10 13:23:30,Asanavičiūtė,L. Asanavičiūtės g. 15,9%
2025-10-10 13:43:05,Asanavičiūtė,L. Asanavičiūtės g. 15,8%
2025-10-10 14:18:59,Asanavičiūtė,L. Asanavičiūtės g. 15,7%
2025-10-10 14:38:46,Asanavičiūtė,L. Asanavičiūtės g. 15,6%
2025-10-10 15:45:56,Asanavičiūtė,L. Asanavičiūtės g. 15,11%
2025-10-10 16:30:36,Asanavičiūtė,L. Asanavičiūtės g. 15,17%
2025-10-10 17:21:15,Asanavičiūtė,L. Asanavičiūtės g. 15,23%
2025-10-10 17:43:43,Asanavičiūtė,L. Asanavičiūtės g. 15,26%
2025-10-10 18:21:38,Asanavičiūtė,L. Asanavičiūtės g. 15,30%
2025-10-10 18:40:45,Asanavičiūtė,L. Asanavičiūtės g. 15,29%
2025-10-10 19:27:33,Asanavičiūtė,L. Asanavičiūtės g. 15,22%
2025-10-10 19:46:56,Asanavičiūtė,L. Asanavičiūtės g. 15,21%
2025-10-10 20:18:57,Asanavičiūtė,L. Asanavičiūtės g. 15,18%
2025-10-10 20:40:10,Asanavičiūtė,L. Asanavičiūtės g. 15,13%
2025-10-10 21:31:28,Asanavičiūtė,L. Asanavičiūtės g. 15,11%
2025-10-10 22:17:25,Asanavičiūtė,L. Asanavičiūtės g. 15,8%
2025-10-10 22:38:21,Asanavičiūtė,L. Asanavičiūtės g. 15,6%
2025-10-10 23:23:45,Asanavičiūtė,L. Asanavičiūtės g. 15,3%
2025-10-10 23:40:50,Asanavičiūtė,L. Asanavičiūtės g. 15,2%
2025-10-11 00:18:31,Asanavičiūtė,L. Asanavičiūtės g. 15,2%
2025-10-11 00:37:58,Asanavičiūtė,L. Asanavičiūtės g. 15,2%
2025-10-11 01:19:31,Asanavičiūtė,L. Asanavičiūtės g. 15,1%
2025-10-11 01:39:52,Asanavičiūtė,L. Asanavičiūtės g. 15,1%
2025-10-11 02:19:00,Asanavičiūtė,L. Asanavičiūtės g. 15,1%
2025-10-11 02:38:21,Asanavičiūtė,L. Asanavičiūtės g. 15,1%
2025-10-11 04:39:08,Asanavičiūtė,L. Asanavičiūtės g. 15,0%
2025-10-11 05:55:25,Asanavičiūtė,L. Asanavičiūtės g. 15,0%
2025-10-11 06:28:39,Asanavičiūtė,L. Asanavičiūtės g. 15,1%
2025-10-11 06:45:20,Asanavičiūtė,L. Asanavičiūtės g. 15,1%
2025-10-11 07:24:23,Asanavičiūtė,L. Asanavičiūtės g. 15,2%
2025-10-11 07:41:13,Asanavičiūtė,L. Asanavičiūtės g. 15,2%
2025-10-11 08:19:34,Asanavičiūtė,L. Asanavičiūtės g. 15,3%
2025-10-11 08:40:29,Asanavičiūtė,L. Asanavičiūtės g. 15,3%
2025-10-11 09:29:33,Asanavičiūtė,L. Asanavičiūtės g. 15,14%
2025-10-11 09:46:52,Asanavičiūtė,L. Asanavičiūtės g. 15,16%
2025-10-11 10:18:39,Asanavičiūtė,L. Asanavičiūtės g. 15,20%
2025-10-11 10:38:06,Asanavičiūtė,L. Asanavičiūtės g. 15,23%
2025-10-11 11:25:47,Asanavičiūtė,L. Asanavičiūtės g. 15,26%
2025-10-11 11:42:59,Asanavičiūtė,L. Asanavičiūtės g. 15,25%
2025-10-11 12:19:49,Asanavičiūtė,L. Asanavičiūtės g. 15,19%
2025-10-11 12:37:44,Asanavičiūtė,L. Asanavičiūtės g. 15,19%
2025-10-11 13:20:10,Asanavičiūtė,L. Asanavičiūtės g. 15,16%
2025-10-11 13:40:12,Asanavičiūtė,L. Asanavičiūtės g. 15,16%
2025-10-11 14:16:20,Asanavičiūtė,L. Asanavičiūtės g. 15,13%
2025-10-11 14:38:18,Asanavičiūtė,L. Asanavičiūtės g. 15,11%
2025-10-11 15:39:34,Asanavičiūtė,L. Asanavičiūtės g. 15,7%
2025-10-11 16:23:04,Asanavičiūtė,L. Asanavičiūtės g. 15,7%
2025-10-11 16:38:34,Asanavičiūtė,L. Asanavičiūtės g. 15,7%
2025-10-11 17:17:02,Asanavičiūtė,L. Asanavičiūtės g. 15,7%
2025-10-11 17:37:32,Asanavičiūtė,L. Asanavičiūtės g. 15,8%
2025-10-11 18:18:30,Asanavičiūtė,L. Asanavičiūtės g. 15,8%
2025-10-11 18:38:09,Asanavičiūtė,L. Asanavičiūtės g. 15,8%
2025-10-11 19:24:08,Asanavičiūtė,L. Asanavičiūtės g. 15,11%
2025-10-11 19:41:10,Asanavičiūtė,L. Asanavičiūtės g. 15,11%
2025-10-11 20:16:25,Asanavičiūtė,L. Asanavičiūtės g. 15,11%
2025-10-11 20:37:48,Asanavičiūtė,L. Asanavičiūtės g. 15,10%
2025-10-11 21:26:21,Asanavičiūtė,L. Asanavičiūtės g. 15,8%
2025-10-11 21:43:08,Asanavičiūtė,L. Asanavičiūtės g. 15,7%
2025-10-11 22:14:48,Asanavičiūtė,L. Asanavičiūtės g. 15,5%
2025-10-11 22:37:55,Asanavičiūtė,L. Asanavičiūtės g. 15,4%
2025-10-11 23:20:57,Asanavičiūtė,L. Asanavičiūtės g. 15,2%
2025-10-11 23:38:16,Asanavičiūtė,L. Asanavičiūtės g. 15,2%
2025-10-12 00:17:19,Asanavičiūtė,L. Asanavičiūtės g. 15,1%
2025-10-12 00:38:06,Asanavičiūtė,L. Asanavičiūtės g. 15,1%
2025-10-12 01:18:57,Asanavičiūtė,L. Asanavičiūtės g. 15,0%
2025-10-12 01:38:51,Asanavičiūtė,L. Asanavičiūtės g. 15,0%
2025-10-12 02:19:10,Asanavičiūtė,L. Asanavičiūtės g. 15,0%
2025-10-12 02:38:50,Asanavičiūtė,L. Asanavičiūtės g. 15,0%
2025-10-12 04:46:55,Asanavičiūtė,L. Asanavičiūtės g. 15,0%
2025-10-12 06:04:34,Asanavičiūtė,L. Asanavičiūtės g. 15,0%
2025-10-12 06:48:40,Asanavičiūtė,L. Asanavičiūtės g. 15,1%
2025-10-12 07:25:10,Asanavičiūtė,L. Asanavičiūtės g. 15,1%
2025-10-12 07:42:07,Asanavičiūtė,L. Asanavičiūtės g. 15,1%
2025-10-12 08:19:37,Asanavičiūtė,L. Asanavičiūtės g. 15,3%
2025-10-12 08:39:58,Asanavičiūtė,L. Asanavičiūtės g. 15,3%
2025-10-12 09:29:38,Asanavičiūtė,L. Asanavičiūtės g. 15,5%
2025-10-12 09:47:02,Asanavičiūtė,L. Asanavičiūtės g. 15,8%
2025-10-12 10:18:51,Asanavičiūtė,L. Asanavičiūtės g. 15,13%
2025-10-12 10:38:31,Asanavičiūtė,L. Asanavičiūtės g. 15,15%
2025-10-12 11:25:52,Asanavičiūtė,L. Asanavičiūtės g. 15,22%
2025-10-12 11:42:47,Asanavičiūtė,L. Asanavičiūtės g. 15,22%
2025-10-12 12:19:51,Asanavičiūtė,L. Asanavičiūtės g. 15,21%
2025-10-12 12:38:14,Asanavičiūtė,L. Asanavičiūtės g. 15,20%
2025-10-12 13:20:31,Asanavičiūtė,L. Asanavičiūtės g. 15,18%
2025-10-12 13:40:24,Asanavičiūtė,L. Asanavičiūtės g. 15,16%
2025-10-12 14:16:18,Asanavičiūtė,L. Asanavičiūtės g. 15,16%
2025-10-12 14:38:24,Asanavičiūtė,L. Asanavičiūtės g. 15,16%
2025-10-12 15:40:18,Asanavičiūtė,L. Asanavičiūtės g. 15,12%
2025-10-12 16:23:59,Asanavičiūtė,L. Asanavičiūtės g. 15,13%
2025-10-12 16:39:00,Asanavičiūtė,L. Asanavičiūtės g. 15,13%
2025-10-12 17:17:51,Asanavičiūtė,L. Asanavičiūtės g. 15,13%
2025-10-12 17:38:36,Asanavičiūtė,L. Asanavičiūtės g. 15,13%
2025-10-12 18:19:03,Asanavičiūtė,L. Asanavičiūtės g. 15,13%
2025-10-12 18:38:11,Asanavičiūtė,L. Asanavičiūtės g. 15,12%
2025-10-12 19:24:06,Asanavičiūtė,L. Asanavičiūtės g. 15,12%
2025-10-12 19:42:30,Asanavičiūtė,L. Asanavičiūtės g. 15,12%
2025-10-12 20:16:46,Asanavičiūtė,L. Asanavičiūtės g. 15,10%
2025-10-12 20:37:49,Asanavičiūtė,L. Asanavičiūtės g. 15,9%
2025-10-12 21:27:57,Asanavičiūtė,L. Asanavičiūtės g. 15,7%
2025-10-12 21:45:43,Asanavičiūtė,L. Asanavičiūtės g. 15,5%
2025-10-12 22:16:14,Asanavičiūtė,L. Asanavičiūtės g. 15,4%
2025-10-12 22:38:34,Asanavičiūtė,L. Asanavičiūtės g. 15,3%
2025-10-12 23:22:18,Asanavičiūtė,L. Asanavičiūtės g. 15,2%
2025-10-12 23:39:29,Asanavičiūtė,L. Asanavičiūtės g. 15,1%
2025-10-13 00:17:59,Asanavičiūtė,L. Asanavičiūtės g. 15,1%
2025-10-13 00:38:20,Asanavičiūtė,L. Asanavičiūtės g. 15,0%
2025-10-13 01:19:10,Asanavičiūtė,L. Asanavičiūtės g. 15,0%
2025-10-13 01:39:29,Asanavičiūtė,L. Asanavičiūtės g. 15,0%
2025-10-13 02:18:57,Asanavičiūtė,L. Asanavičiūtės g. 15,0%
2025-10-13 02:38:40,Asanavičiūtė,L. Asanavičiūtės g. 15,1%
2025-10-13 04:50:18,Asanavičiūtė,L. Asanavičiūtės g. 15,0%
2025-10-13 06:12:17,Asanavičiūtė,L. Asanavičiūtės g. 15,3%
2025-10-13 06:54:30,Asanavičiūtė,L. Asanavičiūtės g. 15,6%
2025-10-13 07:27:10,Asanavičiūtė,L. Asanavičiūtės g. 15,8%
2025-10-13 07:45:11,Asanavičiūtė,L. Asanavičiūtės g. 15,9%
2025-10-13 08:22:48,Asanavičiūtė,L. Asanavičiūtės g. 15,12%
2025-10-13 08:42:40,Asanavičiūtė,L. Asanavičiūtės g. 15,13%
2025-10-13 09:35:19,Asanavičiūtė,L. Asanavičiūtės g. 15,16%
2025-10-13 10:22:56,Asanavičiūtė,L. Asanavičiūtės g. 15,19%
2025-10-13 10:41:00,Asanavičiūtė,L. Asanavičiūtės g. 15,17%
2025-10-13 11:32:36,Asanavičiūtė,L. Asanavičiūtės g. 15,16%
2025-10-13 12:27:29,Asanavičiūtė,L. Asanavičiūtės g. 15,14%
2025-10-13 12:45:28,Asanavičiūtė,L. Asanavičiūtės g. 15,13%
2025-10-13 13:26:25,Asanavičiūtė,L. Asanavičiūtės g. 15,13%
2025-10-13 13:46:16,Asanavičiūtė,L. Asanavičiūtės g. 15,13%
2025-10-13 14:19:04,Asanavičiūtė,L. Asanavičiūtės g. 15,11%
2025-10-13 14:39:30,Asanavičiūtė,L. Asanavičiūtės g. 15,9%
2025-10-13 15:47:28,Asanavičiūtė,L. Asanavičiūtės g. 15,15%
2025-10-13 16:32:20,Asanavičiūtė,L. Asanavičiūtės g. 15,19%
2025-10-13 17:23:21,Asanavičiūtė,L. Asanavičiūtės g. 15,30%
2025-10-13 17:44:34,Asanavičiūtė,L. Asanavičiūtės g. 15,37%
2025-10-13 18:23:28,Asanavičiūtė,L. Asanavičiūtės g. 15,40%
2025-10-13 18:41:43,Asanavičiūtė,L. Asanavičiūtės g. 15,41%
2025-10-13 19:28:47,Asanavičiūtė,L. Asanavičiūtės g. 15,46%
2025-10-13 19:47:56,Asanavičiūtė,L. Asanavičiūtės g. 15,42%
2025-10-13 20:18:58,Asanavičiūtė,L. Asanavičiūtės g. 15,35%
2025-10-13 20:40:18,Asanavičiūtė,L. Asanavičiūtės g. 15,29%
2025-10-13 21:30:44,Asanavičiūtė,L. Asanavičiūtės g. 15,17%
2025-10-13 22:16:54,Asanavičiūtė,L. Asanavičiūtės g. 15,9%
2025-10-13 22:38:44,Asanavičiūtė,L. Asanavičiūtės g. 15,9%
2025-10-13 23:24:31,Asanavičiūtė,L. Asanavičiūtės g. 15,4%
2025-10-13 23:40:58,Asanavičiūtė,L. Asanavičiūtės g. 15,3%
2025-10-14 00:19:31,Asanavičiūtė,L. Asanavičiūtės g. 15,2%
2025-10-14 00:37:48,Asanavičiūtė,L. Asanavičiūtės g. 15,2%
2025-10-14 01:19:46,Asanavičiūtė,L. Asanavičiūtės g. 15,1%
2025-10-14 01:40:53,Asanavičiūtė,L. Asanavičiūtės g. 15,1%
2025-10-14 02:19:04,Asanavičiūtė,L. Asanavičiūtės g. 15,1%
2025-10-14 02:38:56,Asanavičiūtė,L. Asanavičiūtės g. 15,0%
2025-10-14 04:43:30,Asanavičiūtė,L. Asanavičiūtės g. 15,0%
2025-10-14 06:02:52,Asanavičiūtė,L. Asanavičiūtės g. 15,2%
2025-10-14 06:49:08,Asanavičiūtė,L. Asanavičiūtės g. 15,4%
2025-10-14 07:26:37,Asanavičiūtė,L. Asanavičiūtės g. 15,6%
2025-10-14 07:43:44,Asanavičiūtė,L. Asanavičiūtės g. 15,7%
2025-10-14 08:20:55,Asanavičiūtė,L. Asanavičiūtės g. 15,9%
2025-10-14 08:41:04,Asanavičiūtė,L. Asanavičiūtės g. 15,10%
2025-10-14 09:33:40,Asanavičiūtė,L. Asanavičiūtės g. 15,15%
2025-10-14 10:22:25,Asanavičiūtė,L. Asanavičiūtės g. 15,17%
2025-10-14 10:40:20,Asanavičiūtė,L. Asanavičiūtės g. 15,16%
2025-10-14 11:28:59,Asanavičiūtė,L. Asanavičiūtės g. 15,15%
2025-10-14 11:48:36,Asanavičiūtė,L. Asanavičiūtės g. 15,16%
2025-10-14 12:24:46,Asanavičiūtė,L. Asanavičiūtės g. 15,16%
2025-10-14 12:42:59,Asanavičiūtė,L. Asanavičiūtės g. 15,16%
2025-10-14 13:24:18,Asanavičiūtė,L. Asanavičiūtės g. 15,14%
2025-10-14 13:44:44,Asanavičiūtė,L. Asanavičiūtės g. 15,14%
2025-10-14 14:18:45,Asanavičiūtė,L. Asanavičiūtės g. 15,13%
2025-10-14 14:39:03,Asanavičiūtė,L. Asanavičiūtės g. 15,10%
2025-10-14 15:49:55,Asanavičiūtė,L. Asanavičiūtės g. 15,15%
2025-10-14 16:32:34,Asanavičiūtė,L. Asanavičiūtės g. 15,19%
2025-10-14 17:23:55,Asanavičiūtė,L. Asanavičiūtės g. 15,29%
2025-10-14 17:45:40,Asanavičiūtė,L. Asanavičiūtės g. 15,33%
2025-10-14 18:25:23,Asanavičiūtė,L. Asanavičiūtės g. 15,39%
2025-10-14 18:40:36,Asanavičiūtė,L. Asanavičiūtės g. 15,41%
2025-10-14 19:28:32,Asanavičiūtė,L. Asanavičiūtės g. 15,42%
2025-10-14 19:48:46,Asanavičiūtė,L. Asanavičiūtės g. 15,42%
2025-10-14 20:18:45,Asanavičiūtė,L. Asanavičiūtės g. 15,36%
2025-10-14 20:39:21,Asanavičiūtė,L. Asanavičiūtės g. 15,31%
2025-10-14 21:32:48,Asanavičiūtė,L. Asanavičiūtės g. 15,20%
2025-10-14 22:17:39,Asanavičiūtė,L. Asanavičiūtės g. 15,12%
2025-10-14 22:38:46,Asanavičiūtė,L. Asanavičiūtės g. 15,8%
2025-10-14 23:24:16,Asanavičiūtė,L. Asanavičiūtės g. 15,4%
2025-10-14 23:41:55,Asanavičiūtė,L. Asanavičiūtės g. 15,3%
2025-10-15 00:19:25,Asanavičiūtė,L. Asanavičiūtės g. 15,1%
2025-10-15 00:38:53,Asanavičiūtė,L. Asanavičiūtės g. 15,1%
2025-10-15 01:20:18,Asanavičiūtė,L. Asanavičiūtės g. 15,0%
2025-10-15 01:40:43,Asanavičiūtė,L. Asanavičiūtės g. 15,0%
2025-10-15 02:20:00,Asanavičiūtė,L. Asanavičiūtės g. 15,0%
2025-10-15 02:38:19,Asanavičiūtė,L. Asanavičiūtės g. 15,0%
2025-10-15 04:46:21,Asanavičiūtė,L. Asanavičiūtės g. 15,0%
2025-10-15 06:07:00,Asanavičiūtė,L. Asanavičiūtės g. 15,3%
2025-10-15 06:50:59,Asanavičiūtė,L. Asanavičiūtės g. 15,6%
2025-10-15 07:26:26,Asanavičiūtė,L. Asanavičiūtės g. 15,7%
2025-10-15 07:44:16,Asanavičiūtė,L. Asanavičiūtės g. 15,10%
2025-10-15 08:21:42,Asanavičiūtė,L. Asanavičiūtės g. 15,13%
2025-10-15 08:41:33,Asanavičiūtė,L. Asanavičiūtės g. 15,13%
2025-10-15 09:33:45,Asanavičiūtė,L. Asanavičiūtės g. 15,17%
2025-10-15 10:22:40,Asanavičiūtė,L. Asanavičiūtės g. 15,17%
2025-10-15 10:41:29,Asanavičiūtė,L. Asanavičiūtės g. 15,16%
2025-10-15 11:31:24,Asanavičiūtė,L. Asanavičiūtės g. 15,13%
2025-10-15 12:25:03,Asanavičiūtė,L. Asanavičiūtės g. 15,11%
2025-10-15 12:43:04,Asanavičiūtė,L. Asanavičiūtės g. 15,11%
2025-10-15 13:25:39,Asanavičiūtė,L. Asanavičiūtės g. 15,11%
2025-10-15 13:46:16,Asanavičiūtė,L. Asanavičiūtės g. 15,13%
2025-10-15 14:18:54,Asanavičiūtė,L. Asanavičiūtės g. 15,12%
2025-10-15 14:39:10,Asanavičiūtė,L. Asanavičiūtės g. 15,11%
2025-10-15 15:49:33,Asanavičiūtė,L. Asanavičiūtės g. 15,16%
2025-10-15 16:34:09,Asanavičiūtė,L. Asanavičiūtės g. 15,19%
2025-10-15 17:23:31,Asanavičiūtė,L. Asanavičiūtės g. 15,28%
2025-10-15 17:46:32,Asanavičiūtė,L. Asanavičiūtės g. 15,33%
2025-10-15 18:21:51,Asanavičiūtė,L. Asanavičiūtės g. 15,37%
2025-10-15 18:41:30,Asanavičiūtė,L. Asanavičiūtės g. 15,37%
2025-10-15 19:25:44,Asanavičiūtė,L. Asanavičiūtės g. 15,41%
2025-10-15 19:46:21,Asanavičiūtė,L. Asanavičiūtės g. 15,39%
2025-10-15 20:19:54,Asanavičiūtė,L. Asanavičiūtės g. 15,31%
2025-10-15 20:41:10,Asanavičiūtė,L. Asanavičiūtės g. 15,26%
2025-10-15 21:33:16,Asanavičiūtė,L. Asanavičiūtės g. 15,16%
2025-10-15 22:17:58,Asanavičiūtė,L. Asanavičiūtės g. 15,9%
2025-10-15 22:38:51,Asanavičiūtė,L. Asanavičiūtės g. 15,7%
2025-10-15 23:25:43,Asanavičiūtė,L. Asanavičiūtės g. 15,3%
2025-10-15 23:42:47,Asanavičiūtė,L. Asanavičiūtės g. 15,3%
2025-10-16 00:19:32,Asanavičiūtė,L. Asanavičiūtės g. 15,2%
2025-10-16 00:38:41,Asanavičiūtė,L. Asanavičiūtės g. 15,2%
2025-10-16 01:18:52,Asanavičiūtė,L. Asanavičiūtės g. 15,2%
2025-10-16 01:40:06,Asanavičiūtė,L. Asanavičiūtės g. 15,1%
2025-10-16 02:19:22,Asanavičiūtė,L. Asanavičiūtės g. 15,1%
2025-10-16 02:38:19,Asanavičiūtė,L. Asanavičiūtės g. 15,1%
2025-10-16 04:45:28,Asanavičiūtė,L. Asanavičiūtės g. 15,1%
2025-10-16 06:05:21,Asanavičiūtė,L. Asanavičiūtės g. 15,2%
2025-10-16 06:51:31,Asanavičiūtė,L. Asanavičiūtės g. 15,4%
2025-10-16 07:26:07,Asanavičiūtė,L. Asanavičiūtės g. 15,5%
2025-10-16 07:44:00,Asanavičiūtė,L. Asanavičiūtės g. 15,6%
2025-10-16 08:21:28,Asanavičiūtė,L. Asanavičiūtės g. 15,8%
2025-10-16 08:41:34,Asanavičiūtė,L. Asanavičiūtės g. 15,9%
2025-10-16 09:33:36,Asanavičiūtė,L. Asanavičiūtės g. 15,12%
2025-10-16 10:22:33,Asanavičiūtė,L. Asanavičiūtės g. 15,15%
2025-10-16 10:40:37,Asanavičiūtė,L. Asanavičiūtės g. 15,16%
2025-10-16 11:31:45,Asanavičiūtė,L. Asanavičiūtės g. 15,15%
2025-10-16 12:25:34,Asanavičiūtė,L. Asanavičiūtės g. 15,16%
2025-10-16 12:43:22,Asanavičiūtė,L. Asanavičiūtės g. 15,15%
2025-10-16 13:25:29,Asanavičiūtė,L. Asanavičiūtės g. 15,13%
2025-10-16 13:45:17,Asanavičiūtė,L. Asanavičiūtės g. 15,13%
2025-10-16 14:19:05,Asanavičiūtė,L. Asanavičiūtės g. 15,12%
2025-10-16 14:39:10,Asanavičiūtė,L. Asanavičiūtės g. 15,11%
2025-10-16 15:49:20,Asanavičiūtė,L. Asanavičiūtės g. 15,16%
2025-10-16 16:33:59,Asanavičiūtė,L. Asanavičiūtės g. 15,19%
2025-10-16 17:22:59,Asanavičiūtė,L. Asanavičiūtės g. 15,26%
2025-10-16 17:45:52,Asanavičiūtė,L. Asanavičiūtės g. 15,30%
2025-10-16 18:24:25,Asanavičiūtė,L. Asanavičiūtės g. 15,34%
2025-10-16 18:42:58,Asanavičiūtė,L. Asanavičiūtės g. 15,35%
2025-10-16 19:29:15,Asanavičiūtė,L. Asanavičiūtės g. 15,35%
2025-10-16 19:49:31,Asanavičiūtė,L. Asanavičiūtės g. 15,35%
2025-10-16 20:19:44,Asanavičiūtė,L. Asanavičiūtės g. 15,30%
2025-10-16 20:41:12,Asanavičiūtė,L. Asanavičiūtės g. 15,28%
2025-10-16 21:32:16,Asanavičiūtė,L. Asanavičiūtės g. 15,18%
2025-10-16 22:16:27,Asanavičiūtė,L. Asanavičiūtės g. 15,12%
2025-10-16 22:38:48,Asanavičiūtė,L. Asanavičiūtės g. 15,9%
2025-10-16 23:24:53,Asanavičiūtė,L. Asanavičiūtės g. 15,4%
2025-10-16 23:42:03,Asanavičiūtė,L. Asanavičiūtės g. 15,3%
2025-10-17 00:18:54,Asanavičiūtė,L. Asanavičiūtės g. 15,2%
2025-10-17 00:39:11,Asanavičiūtė,L. Asanavičiūtės g. 15,2%
2025-10-17 01:17:34,Asanavičiūtė,L. Asanavičiūtės g. 15,2%
2025-10-17 01:39:24,Asanavičiūtė,L. Asanavičiūtės g. 15,1%
2025-10-17 02:18:07,Asanavičiūtė,L. Asanavičiūtės g. 15,1%
2025-10-17 02:39:06,Asanavičiūtė,L. Asanavičiūtės g. 15,1%
2025-10-17 04:44:18,Asanavičiūtė,L. Asanavičiūtės g. 15,1%
2025-10-17 06:04:10,Asanavičiūtė,L. Asanavičiūtės g. 15,2%
2025-10-17 06:49:00,Asanavičiūtė,L. Asanavičiūtės g. 15,4%
2025-10-17 07:27:00,Asanavičiūtė,L. Asanavičiūtės g. 15,6%
2025-10-17 07:44:41,Asanavičiūtė,L. Asanavičiūtės g. 15,8%
2025-10-17 08:21:09,Asanavičiūtė,L. Asanavičiūtės g. 15,11%
2025-10-17 08:41:19,Asanavičiūtė,L. Asanavičiūtės g. 15,12%
2025-10-17 09:32:43,Asanavičiūtė,L. Asanavičiūtės g. 15,18%
2025-10-17 10:21:59,Asanavičiūtė,L. Asanavičiūtės g. 15,17%
2025-10-17 10:40:08,Asanavičiūtė,L. Asanavičiūtės g. 15,16%
2025-10-17 11:30:12,Asanavičiūtė,L. Asanavičiūtės g. 15,15%
2025-10-17 11:50:39,Asanavičiūtė,L. Asanavičiūtės g. 15,13%
2025-10-17 12:24:37,Asanavičiūtė,L. Asanavičiūtės g. 15,12%
2025-10-17 12:41:22,Asanavičiūtė,L. Asanavičiūtės g. 15,13%
2025-10-17 13:24:11,Asanavičiūtė,L. Asanavičiūtės g. 15,11%
2025-10-17 13:43:34,Asanavičiūtė,L. Asanavičiūtės g. 15,11%
2025-10-17 14:18:30,Asanavičiūtė,L. Asanavičiūtės g. 15,13%
2025-10-17 14:39:17,Asanavičiūtė,L. Asanavičiūtės g. 15,14%
2025-10-17 15:46:45,Asanavičiūtė,L. Asanavičiūtės g. 15,16%
2025-10-17 16:30:50,Asanavičiūtė,L. Asanavičiūtės g. 15,20%
2025-10-17 17:21:54,Asanavičiūtė,L. Asanavičiūtės g. 15,28%
2025-10-17 17:43:21,Asanavičiūtė,L. Asanavičiūtės g. 15,31%
2025-10-17 18:22:48,Asanavičiūtė,L. Asanavičiūtės g. 15,35%
2025-10-17 18:41:49,Asanavičiūtė,L. Asanavičiūtės g. 15,36%
2025-10-17 19:27:32,Asanavičiūtė,L. Asanavičiūtės g. 15,27%
2025-10-17 19:48:09,Asanavičiūtė,L. Asanavičiūtės g. 15,24%
2025-10-17 20:19:02,Asanavičiūtė,L. Asanavičiūtės g. 15,20%
2025-10-17 20:40:15,Asanavičiūtė,L. Asanavičiūtės g. 15,15%
2025-10-17 21:29:42,Asanavičiūtė,L. Asanavičiūtės g. 15,10%
2025-10-17 21:48:25,Asanavičiūtė,L. Asanavičiūtės g. 15,10%
2025-10-17 22:17:24,Asanavičiūtė,L. Asanavičiūtės g. 15,8%
2025-10-17 22:38:32,Asanavičiūtė,L. Asanavičiūtės g. 15,8%
2025-10-17 23:24:40,Asanavičiūtė,L. Asanavičiūtės g. 15,5%
2025-10-17 23:41:13,Asanavičiūtė,L. Asanavičiūtės g. 15,4%
2025-10-18 00:19:26,Asanavičiūtė,L. Asanavičiūtės g. 15,2%
2025-10-18 00:38:30,Asanavičiūtė,L. Asanavičiūtės g. 15,2%
2025-10-18 01:20:02,Asanavičiūtė,L. Asanavičiūtės g. 15,1%
2025-10-18 01:40:15,Asanavičiūtė,L. Asanavičiūtės g. 15,0%
2025-10-18 02:19:01,Asanavičiūtė,L. Asanavičiūtės g. 15,0%
2025-10-18 02:38:23,Asanavičiūtė,L. Asanavičiūtės g. 15,0%
2025-10-18 04:39:17,Asanavičiūtė,L. Asanavičiūtės g. 15,100%
2025-10-18 05:57:02,Asanavičiūtė,L. Asanavičiūtės g. 15,1%
2025-10-18 06:31:57,Asanavičiūtė,L. Asanavičiūtės g. 15,2%
2025-10-18 07:24:52,Asanavičiūtė,L. Asanavičiūtės g. 15,2%
2025-10-18 07:41:45,Asanavičiūtė,L. Asanavičiūtės g. 15,2%
2025-10-18 08:20:11,Asanavičiūtė,L. Asanavičiūtės g. 15,3%
2025-10-18 08:40:28,Asanavičiūtė,L. Asanavičiūtės g. 15,4%
2025-10-18 09:30:36,Asanavičiūtė,L. Asanavičiūtės g. 15,15%
2025-10-18 10:19:07,Asanavičiūtė,L. Asanavičiūtės g. 15,19%
2025-10-18 10:38:23,Asanavičiūtė,L. Asanavičiūtės g. 15,22%
2025-10-18 11:27:10,Asanavičiūtė,L. Asanavičiūtės g. 15,24%
2025-10-18 11:45:17,Asanavičiūtė,L. Asanavičiūtės g. 15,21%
2025-10-18 12:20:53,Asanavičiūtė,L. Asanavičiūtės g. 15,19%
2025-10-18 12:39:03,Asanavičiūtė,L. Asanavičiūtės g. 15,20%
2025-10-18 13:20:58,Asanavičiūtė,L. Asanavičiūtės g. 15,17%
2025-10-18 13:40:42,Asanavičiūtė,L. Asanavičiūtės g. 15,16%
2025-10-18 14:16:33,Asanavičiūtė,L. Asanavičiūtės g. 15,14%
2025-10-18 14:38:31,Asanavičiūtė,L. Asanavičiūtės g. 15,13%
2025-10-18 15:41:07,Asanavičiūtė,L. Asanavičiūtės g. 15,9%
2025-10-18 16:24:59,Asanavičiūtė,L. Asanavičiūtės g. 15,12%
2025-10-18 16:39:32,Asanavičiūtė,L. Asanavičiūtės g. 15,12%
2025-10-18 17:18:05,Asanavičiūtė,L. Asanavičiūtės g. 15,12%
2025-10-18 17:39:17,Asanavičiūtė,L. Asanavičiūtės g. 15,12%
2025-10-18 18:19:27,Asanavičiūtė,L. Asanavičiūtės g. 15,12%
2025-10-18 18:38:17,Asanavičiūtė,L. Asanavičiūtės g. 15,12%
2025-10-18 19:25:14,Asanavičiūtė,L. Asanavičiūtės g. 15,11%
2025-10-18 19:42:54,Asanavičiūtė,L. Asanavičiūtės g. 15,11%
2025-10-18 20:16:57,Asanavičiūtė,L. Asanavičiūtės g. 15,11%
2025-10-18 20:38:10,Asanavičiūtė,L. Asanavičiūtės g. 15,10%
2025-10-18 21:28:22,Asanavičiūtė,L. Asanavičiūtės g. 15,8%
2025-10-18 21:46:09,Asanavičiūtė,L. Asanavičiūtės g. 15,6%
2025-10-18 22:15:58,Asanavičiūtė,L. Asanavičiūtės g. 15,4%
2025-10-18 22:38:19,Asanavičiūtė,L. Asanavičiūtės g. 15,3%
2025-10-18 23:21:53,Asanavičiūtė,L. Asanavičiūtės g. 15,2%
2025-10-18 23:39:45,Asanavičiūtė,L. Asanavičiūtės g. 15,2%
2025-10-19 00:18:02,Asanavičiūtė,L. Asanavičiūtės g. 15,1%
2025-10-19 00:38:10,Asanavičiūtė,L. Asanavičiūtės g. 15,1%
2025-10-19 01:19:20,Asanavičiūtė,L. Asanavičiūtės g. 15,0%
2025-10-19 01:39:47,Asanavičiūtė,L. Asanavičiūtės g. 15,1%
2025-10-19 02:19:11,Asanavičiūtė,L. Asanavičiūtės g. 15,1%
2025-10-19 02:38:33,Asanavičiūtė,L. Asanavičiūtės g. 15,0%
2025-10-19 04:55:56,Asanavičiūtė,L. Asanavičiūtės g. 15,0%
2025-10-19 06:18:53,Asanavičiūtė,L. Asanavičiūtės g. 15,1%
2025-10-19 06:57:22,Asanavičiūtė,L. Asanavičiūtės g. 15,2%
2025-10-19 07:30:47,Asanavičiūtė,L. Asanavičiūtės g. 15,2%
2025-10-19 08:21:17,Asanavičiūtė,L. Asanavičiūtės g. 15,2%
2025-10-19 08:41:24,Asanavičiūtė,L. Asanavičiūtės g. 15,3%
2025-10-19 09:31:25,Asanavičiūtė,L. Asanavičiūtės g. 15,5%
2025-10-19 10:18:28,Asanavičiūtė,L. Asanavičiūtės g. 15,11%
2025-10-19 10:38:03,Asanavičiūtė,L. Asanavičiūtės g. 15,14%
2025-10-19 11:25:38,Asanavičiūtė,L. Asanavičiūtės g. 15,23%
2025-10-19 11:42:55,Asanavičiūtė,L. Asanavičiūtės g. 15,24%
2025-10-19 12:19:53,Asanavičiūtė,L. Asanavičiūtės g. 15,21%
2025-10-19 12:38:43,Asanavičiūtė,L. Asanavičiūtės g. 15,21%
2025-10-19 13:20:53,Asanavičiūtė,L. Asanavičiūtės g. 15,17%
2025-10-19 13:40:21,Asanavičiūtė,L. Asanavičiūtės g. 15,13%
2025-10-19 14:16:08,Asanavičiūtė,L. Asanavičiūtės g. 15,13%
2025-10-19 14:38:40,Asanavičiūtė,L. Asanavičiūtės g. 15,13%
2025-10-19 15:41:13,Asanavičiūtė,L. Asanavičiūtės g. 15,11%
2025-10-19 16:24:50,Asanavičiūtė,L. Asanavičiūtės g. 15,11%
2025-10-19 16:39:39,Asanavičiūtė,L. Asanavičiūtės g. 15,10%
2025-10-19 17:18:16,Asanavičiūtė,L. Asanavičiūtės g. 15,10%
2025-10-19 17:39:10,Asanavičiūtė,L. Asanavičiūtės g. 15,11%
2025-10-19 18:19:41,Asanavičiūtė,L. Asanavičiūtės g. 15,11%
2025-10-19 18:38:26,Asanavičiūtė,L. Asanavičiūtės g. 15,11%
2025-10-19 19:24:43,Asanavičiūtė,L. Asanavičiūtės g. 15,11%
2025-10-19 19:43:14,Asanavičiūtė,L. Asanavičiūtės g. 15,11%
2025-10-19 20:17:36,Asanavičiūtė,L. Asanavičiūtės g. 15,10%
2025-10-19 20:38:45,Asanavičiūtė,L. Asanavičiūtės g. 15,9%
2025-10-19 21:28:46,Asanavičiūtė,L. Asanavičiūtės g. 15,7%
2025-10-19 21:46:41,Asanavičiūtė,L. Asanavičiūtės g. 15,6%
2025-10-19 22:17:27,Asanavičiūtė,L. Asanavičiūtės g. 15,5%
2025-10-19 22:38:34,Asanavičiūtė,L. Asanavičiūtės g. 15,5%
2025-10-19 23:23:03,Asanavičiūtė,L. Asanavičiūtės g. 15,4%
2025-10-19 23:40:18,Asanavičiūtė,L. Asanavičiūtės g. 15,4%
2025-10-20 00:18:22,Asanavičiūtė,L. Asanavičiūtės g. 15,2%
2025-10-20 00:38:12,Asanavičiūtė,L. Asanavičiūtės g. 15,2%
2025-10-20 01:19:47,Asanavičiūtė,L. Asanavičiūtės g. 15,1%
2025-10-20 01:40:53,Asanavičiūtė,L. Asanavičiūtės g. 15,1%
2025-10-20 02:19:36,Asanavičiūtė,L. Asanavičiūtės g. 15,0%
2025-10-20 02:38:51,Asanavičiūtė,L. Asanavičiūtės g. 15,0%
2025-10-20 04:53:34,Asanavičiūtė,L. Asanavičiūtės g. 15,0%
2025-10-20 06:18:18,Asanavičiūtė,L. Asanavičiūtės g. 15,2%
2025-10-20 06:59:23,Asanavičiūtė,L. Asanavičiūtės g. 15,6%
2025-10-20 07:33:27,Asanavičiūtė,L. Asanavičiūtės g. 15,8%
2025-10-20 08:23:10,Asanavičiūtė,L. Asanavičiūtės g. 15,12%
2025-10-20 08:42:11,Asanavičiūtė,L. Asanavičiūtės g. 15,13%
2025-10-20 09:34:50,Asanavičiūtė,L. Asanavičiūtės g. 15,15%
2025-10-20 10:23:02,Asanavičiūtė,L. Asanavičiūtės g. 15,16%
2025-10-20 10:40:34,Asanavičiūtė,L. Asanavičiūtės g. 15,14%
2025-10-20 11:30:54,Asanavičiūtė,L. Asanavičiūtės g. 15,12%
2025-10-20 12:26:47,Asanavičiūtė,L. Asanavičiūtės g. 15,13%
2025-10-20 12:43:55,Asanavičiūtė,L. Asanavičiūtės g. 15,14%
2025-10-20 13:25:21,Asanavičiūtė,L. Asanavičiūtės g. 15,13%
2025-10-20 13:45:57,Asanavičiūtė,L. Asanavičiūtės g. 15,15%
2025-10-20 14:30:19,Asanavičiūtė,L. Asanavičiūtės g. 15,12%
2025-10-20 14:38:57,Asanavičiūtė,L. Asanavičiūtės g. 15,11%
2025-10-20 15:48:36,Asanavičiūtė,L. Asanavičiūtės g. 15,17%
2025-10-20 16:32:11,Asanavičiūtė,L. Asanavičiūtės g. 15,18%
2025-10-20 17:22:08,Asanavičiūtė,L. Asanavičiūtės g. 15,29%
2025-10-20 17:44:27,Asanavičiūtė,L. Asanavičiūtės g. 15,34%
2025-10-20 18:23:26,Asanavičiūtė,L. Asanavičiūtės g. 15,41%
2025-10-20 18:41:41,Asanavičiūtė,L. Asanavičiūtės g. 15,44%
2025-10-20 19:28:46,Asanavičiūtė,L. Asanavičiūtės g. 15,47%
2025-10-20 19:49:10,Asanavičiūtė,L. Asanavičiūtės g. 15,43%
2025-10-20 20:20:01,Asanavičiūtė,L. Asanavičiūtės g. 15,35%
2025-10-20 20:41:17,Asanavičiūtė,L. Asanavičiūtės g. 15,30%
2025-10-20 21:34:02,Asanavičiūtė,L. Asanavičiūtės g. 15,19%
2025-10-20 22:18:51,Asanavičiūtė,L. Asanavičiūtės g. 15,13%
2025-10-20 22:39:18,Asanavičiūtė,L. Asanavičiūtės g. 15,9%
2025-10-20 23:26:20,Asanavičiūtė,L. Asanavičiūtės g. 15,5%
2025-10-20 23:43:54,Asanavičiūtė,L. Asanavičiūtės g. 15,4%
2025-10-21 00:20:12,Asanavičiūtė,L. Asanavičiūtės g. 15,2%
